The system is: Linux - 6.8.0-90-generic - x86_64
Compiling the C compiler identification source file "CMakeCCompilerId.c" succeeded.
Compiler: /usr/bin/cc 
Build flags: 
Id flags:  

The output was:
0


Compilation of the C compiler identification source "CMakeCCompilerId.c" produced "a.out"

The C compiler identification is GNU, found in "/home/neovp/soft/geant4/geant4-v11.4.0/examples/basic/B11/build/CMakeFiles/3.22.1/CompilerIdC/a.out"

Compiling the CXX compiler identification source file "CMakeCXXCompilerId.cpp" succeeded.
Compiler: /usr/bin/c++ 
Build flags: 
Id flags:  

The output was:
0


Compilation of the CXX compiler identification source "CMakeCXXCompilerId.cpp" produced "a.out"

The CXX compiler identification is GNU, found in "/home/neovp/soft/geant4/geant4-v11.4.0/examples/basic/B11/build/CMakeFiles/3.22.1/CompilerIdCXX/a.out"

Detecting C compiler ABI info compiled with the following output:
Change Dir: /home/neovp/soft/geant4/geant4-v11.4.0/examples/basic/B11/build/CMakeFiles/CMakeTmp

Run Build Command(s):/usr/bin/gmake -f Makefile cmTC_1fd5c/fast && /usr/bin/gmake  -f CMakeFiles/cmTC_1fd5c.dir/build.make CMakeFiles/cmTC_1fd5c.dir/build
gmake[1]: Entering directory '/home/neovp/soft/geant4/geant4-v11.4.0/examples/basic/B11/build/CMakeFiles/CMakeTmp'
Building C object CMakeFiles/cmTC_1fd5c.dir/CMakeCCompilerABI.c.o
/usr/bin/cc   -v -o CMakeFiles/cmTC_1fd5c.dir/CMakeCCompilerABI.c.o -c /usr/share/cmake-3.22/Modules/CMakeCCompilerABI.c
Using built-in specs.
COLLECT_GCC=/usr/bin/cc
OFFLOAD_TARGET_NAMES=nvptx-none:amdgcn-amdhsa
OFFLOAD_TARGET_DEFAULT=1
Target: x86_64-linux-gnu
Configured with: ../src/configure -v --with-pkgversion='Ubuntu 11.4.0-1ubuntu1~22.04.2' --with-bugurl=file:///usr/share/doc/gcc-11/README.Bugs --enable-languages=c,ada,c++,go,brig,d,fortran,objc,obj-c++,m2 --prefix=/usr --with-gcc-major-version-only --program-suffix=-11 --program-prefix=x86_64-linux-gnu- --enable-shared --enable-linker-build-id --libexecdir=/usr/lib --without-included-gettext --enable-threads=posix --libdir=/usr/lib --enable-nls --enable-bootstrap --enable-clocale=gnu --enable-libstdcxx-debug --enable-libstdcxx-time=yes --with-default-libstdcxx-abi=new --enable-gnu-unique-object --disable-vtable-verify --enable-plugin --enable-default-pie --with-system-zlib --enable-libphobos-checking=release --with-target-system-zlib=auto --enable-objc-gc=auto --enable-multiarch --disable-werror --enable-cet --with-arch-32=i686 --with-abi=m64 --with-multilib-list=m32,m64,mx32 --enable-multilib --with-tune=generic --enable-offload-targets=nvptx-none=/build/gcc-11-2Y5pKs/gcc-11-11.4.0/debian/tmp-nvptx/usr,amdgcn-amdhsa=/build/gcc-11-2Y5pKs/gcc-11-11.4.0/debian/tmp-gcn/usr --without-cuda-driver --enable-checking=release --build=x86_64-linux-gnu --host=x86_64-linux-gnu --target=x86_64-linux-gnu --with-build-config=bootstrap-lto-lean --enable-link-serialization=2
Thread model: posix
Supported LTO compression algorithms: zlib zstd
gcc version 11.4.0 (Ubuntu 11.4.0-1ubuntu1~22.04.2) 
COLLECT_GCC_OPTIONS='-v' '-o' 'CMakeFiles/cmTC_1fd5c.dir/CMakeCCompilerABI.c.o' '-c' '-mtune=generic' '-march=x86-64' '-dumpdir' 'CMakeFiles/cmTC_1fd5c.dir/'
 /usr/lib/gcc/x86_64-linux-gnu/11/cc1 -quiet -v -imultiarch x86_64-linux-gnu /usr/share/cmake-3.22/Modules/CMakeCCompilerABI.c -quiet -dumpdir CMakeFiles/cmTC_1fd5c.dir/ -dumpbase CMakeCCompilerABI.c.c -dumpbase-ext .c -mtune=generic -march=x86-64 -version -fasynchronous-unwind-tables -fstack-protector-strong -Wformat -Wformat-security -fstack-clash-protection -fcf-protection -o /tmp/ccyc2SQA.s
GNU C17 (Ubuntu 11.4.0-1ubuntu1~22.04.2) version 11.4.0 (x86_64-linux-gnu)
	compiled by GNU C version 11.4.0, GMP version 6.2.1, MPFR version 4.1.0, MPC version 1.2.1, isl version isl-0.24-GMP

GGC heuristics: --param ggc-min-expand=100 --param ggc-min-heapsize=131072
ignoring nonexistent directory "/usr/local/include/x86_64-linux-gnu"
ignoring nonexistent directory "/usr/lib/gcc/x86_64-linux-gnu/11/include-fixed"
ignoring nonexistent directory "/usr/lib/gcc/x86_64-linux-gnu/11/../../../../x86_64-linux-gnu/include"
#include "..." search starts here:
#include <...> search starts here:
 /usr/lib/gcc/x86_64-linux-gnu/11/include
 /usr/local/include
 /usr/include/x86_64-linux-gnu
 /usr/include
End of search list.
GNU C17 (Ubuntu 11.4.0-1ubuntu1~22.04.2) version 11.4.0 (x86_64-linux-gnu)
	compiled by GNU C version 11.4.0, GMP version 6.2.1, MPFR version 4.1.0, MPC version 1.2.1, isl version isl-0.24-GMP

GGC heuristics: --param ggc-min-expand=100 --param ggc-min-heapsize=131072
Compiler executable checksum: 4011c2103cba78949d7e02d0f0047a3d
COLLECT_GCC_OPTIONS='-v' '-o' 'CMakeFiles/cmTC_1fd5c.dir/CMakeCCompilerABI.c.o' '-c' '-mtune=generic' '-march=x86-64' '-dumpdir' 'CMakeFiles/cmTC_1fd5c.dir/'
 as -v --64 -o CMakeFiles/cmTC_1fd5c.dir/CMakeCCompilerABI.c.o /tmp/ccyc2SQA.s
GNU assembler version 2.38 (x86_64-linux-gnu) using BFD version (GNU Binutils for Ubuntu) 2.38
COMPILER_PATH=/usr/lib/gcc/x86_64-linux-gnu/11/:/usr/lib/gcc/x86_64-linux-gnu/11/:/usr/lib/gcc/x86_64-linux-gnu/:/usr/lib/gcc/x86_64-linux-gnu/11/:/usr/lib/gcc/x86_64-linux-gnu/
LIBRARY_PATH=/usr/lib/gcc/x86_64-linux-gnu/11/:/usr/lib/gcc/x86_64-linux-gnu/11/../../../x86_64-linux-gnu/:/usr/lib/gcc/x86_64-linux-gnu/11/../../../../lib/:/lib/x86_64-linux-gnu/:/lib/../lib/:/usr/lib/x86_64-linux-gnu/:/usr/lib/../lib/:/usr/lib/gcc/x86_64-linux-gnu/11/../../../:/lib/:/usr/lib/
COLLECT_GCC_OPTIONS='-v' '-o' 'CMakeFiles/cmTC_1fd5c.dir/CMakeCCompilerABI.c.o' '-c' '-mtune=generic' '-march=x86-64' '-dumpdir' 'CMakeFiles/cmTC_1fd5c.dir/CMakeCCompilerABI.c.'
Linking C executable cmTC_1fd5c
/usr/bin/cmake -E cmake_link_script CMakeFiles/cmTC_1fd5c.dir/link.txt --verbose=1
/usr/bin/cc  -v CMakeFiles/cmTC_1fd5c.dir/CMakeCCompilerABI.c.o -o cmTC_1fd5c 
Using built-in specs.
COLLECT_GCC=/usr/bin/cc
COLLECT_LTO_WRAPPER=/usr/lib/gcc/x86_64-linux-gnu/11/lto-wrapper
OFFLOAD_TARGET_NAMES=nvptx-none:amdgcn-amdhsa
OFFLOAD_TARGET_DEFAULT=1
Target: x86_64-linux-gnu
Configured with: ../src/configure -v --with-pkgversion='Ubuntu 11.4.0-1ubuntu1~22.04.2' --with-bugurl=file:///usr/share/doc/gcc-11/README.Bugs --enable-languages=c,ada,c++,go,brig,d,fortran,objc,obj-c++,m2 --prefix=/usr --with-gcc-major-version-only --program-suffix=-11 --program-prefix=x86_64-linux-gnu- --enable-shared --enable-linker-build-id --libexecdir=/usr/lib --without-included-gettext --enable-threads=posix --libdir=/usr/lib --enable-nls --enable-bootstrap --enable-clocale=gnu --enable-libstdcxx-debug --enable-libstdcxx-time=yes --with-default-libstdcxx-abi=new --enable-gnu-unique-object --disable-vtable-verify --enable-plugin --enable-default-pie --with-system-zlib --enable-libphobos-checking=release --with-target-system-zlib=auto --enable-objc-gc=auto --enable-multiarch --disable-werror --enable-cet --with-arch-32=i686 --with-abi=m64 --with-multilib-list=m32,m64,mx32 --enable-multilib --with-tune=generic --enable-offload-targets=nvptx-none=/build/gcc-11-2Y5pKs/gcc-11-11.4.0/debian/tmp-nvptx/usr,amdgcn-amdhsa=/build/gcc-11-2Y5pKs/gcc-11-11.4.0/debian/tmp-gcn/usr --without-cuda-driver --enable-checking=release --build=x86_64-linux-gnu --host=x86_64-linux-gnu --target=x86_64-linux-gnu --with-build-config=bootstrap-lto-lean --enable-link-serialization=2
Thread model: posix
Supported LTO compression algorithms: zlib zstd
gcc version 11.4.0 (Ubuntu 11.4.0-1ubuntu1~22.04.2) 
COMPILER_PATH=/usr/lib/gcc/x86_64-linux-gnu/11/:/usr/lib/gcc/x86_64-linux-gnu/11/:/usr/lib/gcc/x86_64-linux-gnu/:/usr/lib/gcc/x86_64-linux-gnu/11/:/usr/lib/gcc/x86_64-linux-gnu/
LIBRARY_PATH=/usr/lib/gcc/x86_64-linux-gnu/11/:/usr/lib/gcc/x86_64-linux-gnu/11/../../../x86_64-linux-gnu/:/usr/lib/gcc/x86_64-linux-gnu/11/../../../../lib/:/lib/x86_64-linux-gnu/:/lib/../lib/:/usr/lib/x86_64-linux-gnu/:/usr/lib/../lib/:/usr/lib/gcc/x86_64-linux-gnu/11/../../../:/lib/:/usr/lib/
COLLECT_GCC_OPTIONS='-v' '-o' 'cmTC_1fd5c' '-mtune=generic' '-march=x86-64' '-dumpdir' 'cmTC_1fd5c.'
 /usr/lib/gcc/x86_64-linux-gnu/11/collect2 -plugin /usr/lib/gcc/x86_64-linux-gnu/11/liblto_plugin.so -plugin-opt=/usr/lib/gcc/x86_64-linux-gnu/11/lto-wrapper -plugin-opt=-fresolution=/tmp/ccSYKu9i.res -plugin-opt=-pass-through=-lgcc -plugin-opt=-pass-through=-lgcc_s -plugin-opt=-pass-through=-lc -plugin-opt=-pass-through=-lgcc -plugin-opt=-pass-through=-lgcc_s --build-id --eh-frame-hdr -m elf_x86_64 --hash-style=gnu --as-needed -dynamic-linker /lib64/ld-linux-x86-64.so.2 -pie -z now -z relro -o cmTC_1fd5c /usr/lib/gcc/x86_64-linux-gnu/11/../../../x86_64-linux-gnu/Scrt1.o /usr/lib/gcc/x86_64-linux-gnu/11/../../../x86_64-linux-gnu/crti.o /usr/lib/gcc/x86_64-linux-gnu/11/crtbeginS.o -L/usr/lib/gcc/x86_64-linux-gnu/11 -L/usr/lib/gcc/x86_64-linux-gnu/11/../../../x86_64-linux-gnu -L/usr/lib/gcc/x86_64-linux-gnu/11/../../../../lib -L/lib/x86_64-linux-gnu -L/lib/../lib -L/usr/lib/x86_64-linux-gnu -L/usr/lib/../lib -L/usr/lib/gcc/x86_64-linux-gnu/11/../../.. CMakeFiles/cmTC_1fd5c.dir/CMakeCCompilerABI.c.o -lgcc --push-state --as-needed -lgcc_s --pop-state -lc -lgcc --push-state --as-needed -lgcc_s --pop-state /usr/lib/gcc/x86_64-linux-gnu/11/crtendS.o /usr/lib/gcc/x86_64-linux-gnu/11/../../../x86_64-linux-gnu/crtn.o
COLLECT_GCC_OPTIONS='-v' '-o' 'cmTC_1fd5c' '-mtune=generic' '-march=x86-64' '-dumpdir' 'cmTC_1fd5c.'
gmake[1]: Leaving directory '/home/neovp/soft/geant4/geant4-v11.4.0/examples/basic/B11/build/CMakeFiles/CMakeTmp'



Parsed C implicit include dir info from above output: rv=done
  found start of include info
  found start of implicit include info
    add: [/usr/lib/gcc/x86_64-linux-gnu/11/include]
    add: [/usr/local/include]
    add: [/usr/include/x86_64-linux-gnu]
    add: [/usr/include]
  end of search list found
  collapse include dir [/usr/lib/gcc/x86_64-linux-gnu/11/include] ==> [/usr/lib/gcc/x86_64-linux-gnu/11/include]
  collapse include dir [/usr/local/include] ==> [/usr/local/include]
  collapse include dir [/usr/include/x86_64-linux-gnu] ==> [/usr/include/x86_64-linux-gnu]
  collapse include dir [/usr/include] ==> [/usr/include]
  implicit include dirs: [/usr/lib/gcc/x86_64-linux-gnu/11/include;/usr/local/include;/usr/include/x86_64-linux-gnu;/usr/include]


Parsed C implicit link information from above output:
  link line regex: [^( *|.*[/\])(ld|CMAKE_LINK_STARTFILE-NOTFOUND|([^/\]+-)?ld|collect2)[^/\]*( |$)]
  ignore line: [Change Dir: /home/neovp/soft/geant4/geant4-v11.4.0/examples/basic/B11/build/CMakeFiles/CMakeTmp]
  ignore line: []
  ignore line: [Run Build Command(s):/usr/bin/gmake -f Makefile cmTC_1fd5c/fast && /usr/bin/gmake  -f CMakeFiles/cmTC_1fd5c.dir/build.make CMakeFiles/cmTC_1fd5c.dir/build]
  ignore line: [gmake[1]: Entering directory '/home/neovp/soft/geant4/geant4-v11.4.0/examples/basic/B11/build/CMakeFiles/CMakeTmp']
  ignore line: [Building C object CMakeFiles/cmTC_1fd5c.dir/CMakeCCompilerABI.c.o]
  ignore line: [/usr/bin/cc   -v -o CMakeFiles/cmTC_1fd5c.dir/CMakeCCompilerABI.c.o -c /usr/share/cmake-3.22/Modules/CMakeCCompilerABI.c]
  ignore line: [Using built-in specs.]
  ignore line: [COLLECT_GCC=/usr/bin/cc]
  ignore line: [OFFLOAD_TARGET_NAMES=nvptx-none:amdgcn-amdhsa]
  ignore line: [OFFLOAD_TARGET_DEFAULT=1]
  ignore line: [Target: x86_64-linux-gnu]
  ignore line: [Configured with: ../src/configure -v --with-pkgversion='Ubuntu 11.4.0-1ubuntu1~22.04.2' --with-bugurl=file:///usr/share/doc/gcc-11/README.Bugs --enable-languages=c ada c++ go brig d fortran objc obj-c++ m2 --prefix=/usr --with-gcc-major-version-only --program-suffix=-11 --program-prefix=x86_64-linux-gnu- --enable-shared --enable-linker-build-id --libexecdir=/usr/lib --without-included-gettext --enable-threads=posix --libdir=/usr/lib --enable-nls --enable-bootstrap --enable-clocale=gnu --enable-libstdcxx-debug --enable-libstdcxx-time=yes --with-default-libstdcxx-abi=new --enable-gnu-unique-object --disable-vtable-verify --enable-plugin --enable-default-pie --with-system-zlib --enable-libphobos-checking=release --with-target-system-zlib=auto --enable-objc-gc=auto --enable-multiarch --disable-werror --enable-cet --with-arch-32=i686 --with-abi=m64 --with-multilib-list=m32 m64 mx32 --enable-multilib --with-tune=generic --enable-offload-targets=nvptx-none=/build/gcc-11-2Y5pKs/gcc-11-11.4.0/debian/tmp-nvptx/usr amdgcn-amdhsa=/build/gcc-11-2Y5pKs/gcc-11-11.4.0/debian/tmp-gcn/usr --without-cuda-driver --enable-checking=release --build=x86_64-linux-gnu --host=x86_64-linux-gnu --target=x86_64-linux-gnu --with-build-config=bootstrap-lto-lean --enable-link-serialization=2]
  ignore line: [Thread model: posix]
  ignore line: [Supported LTO compression algorithms: zlib zstd]
  ignore line: [gcc version 11.4.0 (Ubuntu 11.4.0-1ubuntu1~22.04.2) ]
  ignore line: [COLLECT_GCC_OPTIONS='-v' '-o' 'CMakeFiles/cmTC_1fd5c.dir/CMakeCCompilerABI.c.o' '-c' '-mtune=generic' '-march=x86-64' '-dumpdir' 'CMakeFiles/cmTC_1fd5c.dir/']
  ignore line: [ /usr/lib/gcc/x86_64-linux-gnu/11/cc1 -quiet -v -imultiarch x86_64-linux-gnu /usr/share/cmake-3.22/Modules/CMakeCCompilerABI.c -quiet -dumpdir CMakeFiles/cmTC_1fd5c.dir/ -dumpbase CMakeCCompilerABI.c.c -dumpbase-ext .c -mtune=generic -march=x86-64 -version -fasynchronous-unwind-tables -fstack-protector-strong -Wformat -Wformat-security -fstack-clash-protection -fcf-protection -o /tmp/ccyc2SQA.s]
  ignore line: [GNU C17 (Ubuntu 11.4.0-1ubuntu1~22.04.2) version 11.4.0 (x86_64-linux-gnu)]
  ignore line: [	compiled by GNU C version 11.4.0  GMP version 6.2.1  MPFR version 4.1.0  MPC version 1.2.1  isl version isl-0.24-GMP]
  ignore line: []
  ignore line: [GGC heuristics: --param ggc-min-expand=100 --param ggc-min-heapsize=131072]
  ignore line: [ignoring nonexistent directory "/usr/local/include/x86_64-linux-gnu"]
  ignore line: [ignoring nonexistent directory "/usr/lib/gcc/x86_64-linux-gnu/11/include-fixed"]
  ignore line: [ignoring nonexistent directory "/usr/lib/gcc/x86_64-linux-gnu/11/../../../../x86_64-linux-gnu/include"]
  ignore line: [#include "..." search starts here:]
  ignore line: [#include <...> search starts here:]
  ignore line: [ /usr/lib/gcc/x86_64-linux-gnu/11/include]
  ignore line: [ /usr/local/include]
  ignore line: [ /usr/include/x86_64-linux-gnu]
  ignore line: [ /usr/include]
  ignore line: [End of search list.]
  ignore line: [GNU C17 (Ubuntu 11.4.0-1ubuntu1~22.04.2) version 11.4.0 (x86_64-linux-gnu)]
  ignore line: [	compiled by GNU C version 11.4.0  GMP version 6.2.1  MPFR version 4.1.0  MPC version 1.2.1  isl version isl-0.24-GMP]
  ignore line: []
  ignore line: [GGC heuristics: --param ggc-min-expand=100 --param ggc-min-heapsize=131072]
  ignore line: [Compiler executable checksum: 4011c2103cba78949d7e02d0f0047a3d]
  ignore line: [COLLECT_GCC_OPTIONS='-v' '-o' 'CMakeFiles/cmTC_1fd5c.dir/CMakeCCompilerABI.c.o' '-c' '-mtune=generic' '-march=x86-64' '-dumpdir' 'CMakeFiles/cmTC_1fd5c.dir/']
  ignore line: [ as -v --64 -o CMakeFiles/cmTC_1fd5c.dir/CMakeCCompilerABI.c.o /tmp/ccyc2SQA.s]
  ignore line: [GNU assembler version 2.38 (x86_64-linux-gnu) using BFD version (GNU Binutils for Ubuntu) 2.38]
  ignore line: [COMPILER_PATH=/usr/lib/gcc/x86_64-linux-gnu/11/:/usr/lib/gcc/x86_64-linux-gnu/11/:/usr/lib/gcc/x86_64-linux-gnu/:/usr/lib/gcc/x86_64-linux-gnu/11/:/usr/lib/gcc/x86_64-linux-gnu/]
  ignore line: [LIBRARY_PATH=/usr/lib/gcc/x86_64-linux-gnu/11/:/usr/lib/gcc/x86_64-linux-gnu/11/../../../x86_64-linux-gnu/:/usr/lib/gcc/x86_64-linux-gnu/11/../../../../lib/:/lib/x86_64-linux-gnu/:/lib/../lib/:/usr/lib/x86_64-linux-gnu/:/usr/lib/../lib/:/usr/lib/gcc/x86_64-linux-gnu/11/../../../:/lib/:/usr/lib/]
  ignore line: [COLLECT_GCC_OPTIONS='-v' '-o' 'CMakeFiles/cmTC_1fd5c.dir/CMakeCCompilerABI.c.o' '-c' '-mtune=generic' '-march=x86-64' '-dumpdir' 'CMakeFiles/cmTC_1fd5c.dir/CMakeCCompilerABI.c.']
  ignore line: [Linking C executable cmTC_1fd5c]
  ignore line: [/usr/bin/cmake -E cmake_link_script CMakeFiles/cmTC_1fd5c.dir/link.txt --verbose=1]
  ignore line: [/usr/bin/cc  -v CMakeFiles/cmTC_1fd5c.dir/CMakeCCompilerABI.c.o -o cmTC_1fd5c ]
  ignore line: [Using built-in specs.]
  ignore line: [COLLECT_GCC=/usr/bin/cc]
  ignore line: [COLLECT_LTO_WRAPPER=/usr/lib/gcc/x86_64-linux-gnu/11/lto-wrapper]
  ignore line: [OFFLOAD_TARGET_NAMES=nvptx-none:amdgcn-amdhsa]
  ignore line: [OFFLOAD_TARGET_DEFAULT=1]
  ignore line: [Target: x86_64-linux-gnu]
  ignore line: [Configured with: ../src/configure -v --with-pkgversion='Ubuntu 11.4.0-1ubuntu1~22.04.2' --with-bugurl=file:///usr/share/doc/gcc-11/README.Bugs --enable-languages=c ada c++ go brig d fortran objc obj-c++ m2 --prefix=/usr --with-gcc-major-version-only --program-suffix=-11 --program-prefix=x86_64-linux-gnu- --enable-shared --enable-linker-build-id --libexecdir=/usr/lib --without-included-gettext --enable-threads=posix --libdir=/usr/lib --enable-nls --enable-bootstrap --enable-clocale=gnu --enable-libstdcxx-debug --enable-libstdcxx-time=yes --with-default-libstdcxx-abi=new --enable-gnu-unique-object --disable-vtable-verify --enable-plugin --enable-default-pie --with-system-zlib --enable-libphobos-checking=release --with-target-system-zlib=auto --enable-objc-gc=auto --enable-multiarch --disable-werror --enable-cet --with-arch-32=i686 --with-abi=m64 --with-multilib-list=m32 m64 mx32 --enable-multilib --with-tune=generic --enable-offload-targets=nvptx-none=/build/gcc-11-2Y5pKs/gcc-11-11.4.0/debian/tmp-nvptx/usr amdgcn-amdhsa=/build/gcc-11-2Y5pKs/gcc-11-11.4.0/debian/tmp-gcn/usr --without-cuda-driver --enable-checking=release --build=x86_64-linux-gnu --host=x86_64-linux-gnu --target=x86_64-linux-gnu --with-build-config=bootstrap-lto-lean --enable-link-serialization=2]
  ignore line: [Thread model: posix]
  ignore line: [Supported LTO compression algorithms: zlib zstd]
  ignore line: [gcc version 11.4.0 (Ubuntu 11.4.0-1ubuntu1~22.04.2) ]
  ignore line: [COMPILER_PATH=/usr/lib/gcc/x86_64-linux-gnu/11/:/usr/lib/gcc/x86_64-linux-gnu/11/:/usr/lib/gcc/x86_64-linux-gnu/:/usr/lib/gcc/x86_64-linux-gnu/11/:/usr/lib/gcc/x86_64-linux-gnu/]
  ignore line: [LIBRARY_PATH=/usr/lib/gcc/x86_64-linux-gnu/11/:/usr/lib/gcc/x86_64-linux-gnu/11/../../../x86_64-linux-gnu/:/usr/lib/gcc/x86_64-linux-gnu/11/../../../../lib/:/lib/x86_64-linux-gnu/:/lib/../lib/:/usr/lib/x86_64-linux-gnu/:/usr/lib/../lib/:/usr/lib/gcc/x86_64-linux-gnu/11/../../../:/lib/:/usr/lib/]
  ignore line: [COLLECT_GCC_OPTIONS='-v' '-o' 'cmTC_1fd5c' '-mtune=generic' '-march=x86-64' '-dumpdir' 'cmTC_1fd5c.']
  link line: [ /usr/lib/gcc/x86_64-linux-gnu/11/collect2 -plugin /usr/lib/gcc/x86_64-linux-gnu/11/liblto_plugin.so -plugin-opt=/usr/lib/gcc/x86_64-linux-gnu/11/lto-wrapper -plugin-opt=-fresolution=/tmp/ccSYKu9i.res -plugin-opt=-pass-through=-lgcc -plugin-opt=-pass-through=-lgcc_s -plugin-opt=-pass-through=-lc -plugin-opt=-pass-through=-lgcc -plugin-opt=-pass-through=-lgcc_s --build-id --eh-frame-hdr -m elf_x86_64 --hash-style=gnu --as-needed -dynamic-linker /lib64/ld-linux-x86-64.so.2 -pie -z now -z relro -o cmTC_1fd5c /usr/lib/gcc/x86_64-linux-gnu/11/../../../x86_64-linux-gnu/Scrt1.o /usr/lib/gcc/x86_64-linux-gnu/11/../../../x86_64-linux-gnu/crti.o /usr/lib/gcc/x86_64-linux-gnu/11/crtbeginS.o -L/usr/lib/gcc/x86_64-linux-gnu/11 -L/usr/lib/gcc/x86_64-linux-gnu/11/../../../x86_64-linux-gnu -L/usr/lib/gcc/x86_64-linux-gnu/11/../../../../lib -L/lib/x86_64-linux-gnu -L/lib/../lib -L/usr/lib/x86_64-linux-gnu -L/usr/lib/../lib -L/usr/lib/gcc/x86_64-linux-gnu/11/../../.. CMakeFiles/cmTC_1fd5c.dir/CMakeCCompilerABI.c.o -lgcc --push-state --as-needed -lgcc_s --pop-state -lc -lgcc --push-state --as-needed -lgcc_s --pop-state /usr/lib/gcc/x86_64-linux-gnu/11/crtendS.o /usr/lib/gcc/x86_64-linux-gnu/11/../../../x86_64-linux-gnu/crtn.o]
    arg [/usr/lib/gcc/x86_64-linux-gnu/11/collect2] ==> ignore
    arg [-plugin] ==> ignore
    arg [/usr/lib/gcc/x86_64-linux-gnu/11/liblto_plugin.so] ==> ignore
    arg [-plugin-opt=/usr/lib/gcc/x86_64-linux-gnu/11/lto-wrapper] ==> ignore
    arg [-plugin-opt=-fresolution=/tmp/ccSYKu9i.res] ==> ignore
    arg [-plugin-opt=-pass-through=-lgcc] ==> ignore
    arg [-plugin-opt=-pass-through=-lgcc_s] ==> ignore
    arg [-plugin-opt=-pass-through=-lc] ==> ignore
    arg [-plugin-opt=-pass-through=-lgcc] ==> ignore
    arg [-plugin-opt=-pass-through=-lgcc_s] ==> ignore
    arg [--build-id] ==> ignore
    arg [--eh-frame-hdr] ==> ignore
    arg [-m] ==> ignore
    arg [elf_x86_64] ==> ignore
    arg [--hash-style=gnu] ==> ignore
    arg [--as-needed] ==> ignore
    arg [-dynamic-linker] ==> ignore
    arg [/lib64/ld-linux-x86-64.so.2] ==> ignore
    arg [-pie] ==> ignore
    arg [-znow] ==> ignore
    arg [-zrelro] ==> ignore
    arg [-o] ==> ignore
    arg [cmTC_1fd5c] ==> ignore
    arg [/usr/lib/gcc/x86_64-linux-gnu/11/../../../x86_64-linux-gnu/Scrt1.o] ==> obj [/usr/lib/gcc/x86_64-linux-gnu/11/../../../x86_64-linux-gnu/Scrt1.o]
    arg [/usr/lib/gcc/x86_64-linux-gnu/11/../../../x86_64-linux-gnu/crti.o] ==> obj [/usr/lib/gcc/x86_64-linux-gnu/11/../../../x86_64-linux-gnu/crti.o]
    arg [/usr/lib/gcc/x86_64-linux-gnu/11/crtbeginS.o] ==> obj [/usr/lib/gcc/x86_64-linux-gnu/11/crtbeginS.o]
    arg [-L/usr/lib/gcc/x86_64-linux-gnu/11] ==> dir [/usr/lib/gcc/x86_64-linux-gnu/11]
    arg [-L/usr/lib/gcc/x86_64-linux-gnu/11/../../../x86_64-linux-gnu] ==> dir [/usr/lib/gcc/x86_64-linux-gnu/11/../../../x86_64-linux-gnu]
    arg [-L/usr/lib/gcc/x86_64-linux-gnu/11/../../../../lib] ==> dir [/usr/lib/gcc/x86_64-linux-gnu/11/../../../../lib]
    arg [-L/lib/x86_64-linux-gnu] ==> dir [/lib/x86_64-linux-gnu]
    arg [-L/lib/../lib] ==> dir [/lib/../lib]
    arg [-L/usr/lib/x86_64-linux-gnu] ==> dir [/usr/lib/x86_64-linux-gnu]
    arg [-L/usr/lib/../lib] ==> dir [/usr/lib/../lib]
    arg [-L/usr/lib/gcc/x86_64-linux-gnu/11/../../..] ==> dir [/usr/lib/gcc/x86_64-linux-gnu/11/../../..]
    arg [CMakeFiles/cmTC_1fd5c.dir/CMakeCCompilerABI.c.o] ==> ignore
    arg [-lgcc] ==> lib [gcc]
    arg [--push-state] ==> ignore
    arg [--as-needed] ==> ignore
    arg [-lgcc_s] ==> lib [gcc_s]
    arg [--pop-state] ==> ignore
    arg [-lc] ==> lib [c]
    arg [-lgcc] ==> lib [gcc]
    arg [--push-state] ==> ignore
    arg [--as-needed] ==> ignore
    arg [-lgcc_s] ==> lib [gcc_s]
    arg [--pop-state] ==> ignore
    arg [/usr/lib/gcc/x86_64-linux-gnu/11/crtendS.o] ==> obj [/usr/lib/gcc/x86_64-linux-gnu/11/crtendS.o]
    arg [/usr/lib/gcc/x86_64-linux-gnu/11/../../../x86_64-linux-gnu/crtn.o] ==> obj [/usr/lib/gcc/x86_64-linux-gnu/11/../../../x86_64-linux-gnu/crtn.o]
  collapse obj [/usr/lib/gcc/x86_64-linux-gnu/11/../../../x86_64-linux-gnu/Scrt1.o] ==> [/usr/lib/x86_64-linux-gnu/Scrt1.o]
  collapse obj [/usr/lib/gcc/x86_64-linux-gnu/11/../../../x86_64-linux-gnu/crti.o] ==> [/usr/lib/x86_64-linux-gnu/crti.o]
  collapse obj [/usr/lib/gcc/x86_64-linux-gnu/11/../../../x86_64-linux-gnu/crtn.o] ==> [/usr/lib/x86_64-linux-gnu/crtn.o]
  collapse library dir [/usr/lib/gcc/x86_64-linux-gnu/11] ==> [/usr/lib/gcc/x86_64-linux-gnu/11]
  collapse library dir [/usr/lib/gcc/x86_64-linux-gnu/11/../../../x86_64-linux-gnu] ==> [/usr/lib/x86_64-linux-gnu]
  collapse library dir [/usr/lib/gcc/x86_64-linux-gnu/11/../../../../lib] ==> [/usr/lib]
  collapse library dir [/lib/x86_64-linux-gnu] ==> [/lib/x86_64-linux-gnu]
  collapse library dir [/lib/../lib] ==> [/lib]
  collapse library dir [/usr/lib/x86_64-linux-gnu] ==> [/usr/lib/x86_64-linux-gnu]
  collapse library dir [/usr/lib/../lib] ==> [/usr/lib]
  collapse library dir [/usr/lib/gcc/x86_64-linux-gnu/11/../../..] ==> [/usr/lib]
  implicit libs: [gcc;gcc_s;c;gcc;gcc_s]
  implicit objs: [/usr/lib/x86_64-linux-gnu/Scrt1.o;/usr/lib/x86_64-linux-gnu/crti.o;/usr/lib/gcc/x86_64-linux-gnu/11/crtbeginS.o;/usr/lib/gcc/x86_64-linux-gnu/11/crtendS.o;/usr/lib/x86_64-linux-gnu/crtn.o]
  implicit dirs: [/usr/lib/gcc/x86_64-linux-gnu/11;/usr/lib/x86_64-linux-gnu;/usr/lib;/lib/x86_64-linux-gnu;/lib]
  implicit fwks: []


Detecting CXX compiler ABI info compiled with the following output:
Change Dir: /home/neovp/soft/geant4/geant4-v11.4.0/examples/basic/B11/build/CMakeFiles/CMakeTmp

Run Build Command(s):/usr/bin/gmake -f Makefile cmTC_e39f7/fast && /usr/bin/gmake  -f CMakeFiles/cmTC_e39f7.dir/build.make CMakeFiles/cmTC_e39f7.dir/build
gmake[1]: Entering directory '/home/neovp/soft/geant4/geant4-v11.4.0/examples/basic/B11/build/CMakeFiles/CMakeTmp'
Building CXX object CMakeFiles/cmTC_e39f7.dir/CMakeCXXCompilerABI.cpp.o
/usr/bin/c++   -v -o CMakeFiles/cmTC_e39f7.dir/CMakeCXXCompilerABI.cpp.o -c /usr/share/cmake-3.22/Modules/CMakeCXXCompilerABI.cpp
Using built-in specs.
COLLECT_GCC=/usr/bin/c++
OFFLOAD_TARGET_NAMES=nvptx-none:amdgcn-amdhsa
OFFLOAD_TARGET_DEFAULT=1
Target: x86_64-linux-gnu
Configured with: ../src/configure -v --with-pkgversion='Ubuntu 11.4.0-1ubuntu1~22.04.2' --with-bugurl=file:///usr/share/doc/gcc-11/README.Bugs --enable-languages=c,ada,c++,go,brig,d,fortran,objc,obj-c++,m2 --prefix=/usr --with-gcc-major-version-only --program-suffix=-11 --program-prefix=x86_64-linux-gnu- --enable-shared --enable-linker-build-id --libexecdir=/usr/lib --without-included-gettext --enable-threads=posix --libdir=/usr/lib --enable-nls --enable-bootstrap --enable-clocale=gnu --enable-libstdcxx-debug --enable-libstdcxx-time=yes --with-default-libstdcxx-abi=new --enable-gnu-unique-object --disable-vtable-verify --enable-plugin --enable-default-pie --with-system-zlib --enable-libphobos-checking=release --with-target-system-zlib=auto --enable-objc-gc=auto --enable-multiarch --disable-werror --enable-cet --with-arch-32=i686 --with-abi=m64 --with-multilib-list=m32,m64,mx32 --enable-multilib --with-tune=generic --enable-offload-targets=nvptx-none=/build/gcc-11-2Y5pKs/gcc-11-11.4.0/debian/tmp-nvptx/usr,amdgcn-amdhsa=/build/gcc-11-2Y5pKs/gcc-11-11.4.0/debian/tmp-gcn/usr --without-cuda-driver --enable-checking=release --build=x86_64-linux-gnu --host=x86_64-linux-gnu --target=x86_64-linux-gnu --with-build-config=bootstrap-lto-lean --enable-link-serialization=2
Thread model: posix
Supported LTO compression algorithms: zlib zstd
gcc version 11.4.0 (Ubuntu 11.4.0-1ubuntu1~22.04.2) 
COLLECT_GCC_OPTIONS='-v' '-o' 'CMakeFiles/cmTC_e39f7.dir/CMakeCXXCompilerABI.cpp.o' '-c' '-shared-libgcc' '-mtune=generic' '-march=x86-64' '-dumpdir' 'CMakeFiles/cmTC_e39f7.dir/'
 /usr/lib/gcc/x86_64-linux-gnu/11/cc1plus -quiet -v -imultiarch x86_64-linux-gnu -D_GNU_SOURCE /usr/share/cmake-3.22/Modules/CMakeCXXCompilerABI.cpp -quiet -dumpdir CMakeFiles/cmTC_e39f7.dir/ -dumpbase CMakeCXXCompilerABI.cpp.cpp -dumpbase-ext .cpp -mtune=generic -march=x86-64 -version -fasynchronous-unwind-tables -fstack-protector-strong -Wformat -Wformat-security -fstack-clash-protection -fcf-protection -o /tmp/ccYD5ohn.s
GNU C++17 (Ubuntu 11.4.0-1ubuntu1~22.04.2) version 11.4.0 (x86_64-linux-gnu)
	compiled by GNU C version 11.4.0, GMP version 6.2.1, MPFR version 4.1.0, MPC version 1.2.1, isl version isl-0.24-GMP

GGC heuristics: --param ggc-min-expand=100 --param ggc-min-heapsize=131072
ignoring duplicate directory "/usr/include/x86_64-linux-gnu/c++/11"
ignoring nonexistent directory "/usr/local/include/x86_64-linux-gnu"
ignoring nonexistent directory "/usr/lib/gcc/x86_64-linux-gnu/11/include-fixed"
ignoring nonexistent directory "/usr/lib/gcc/x86_64-linux-gnu/11/../../../../x86_64-linux-gnu/include"
#include "..." search starts here:
#include <...> search starts here:
 /usr/include/c++/11
 /usr/include/x86_64-linux-gnu/c++/11
 /usr/include/c++/11/backward
 /usr/lib/gcc/x86_64-linux-gnu/11/include
 /usr/local/include
 /usr/include/x86_64-linux-gnu
 /usr/include
End of search list.
GNU C++17 (Ubuntu 11.4.0-1ubuntu1~22.04.2) version 11.4.0 (x86_64-linux-gnu)
	compiled by GNU C version 11.4.0, GMP version 6.2.1, MPFR version 4.1.0, MPC version 1.2.1, isl version isl-0.24-GMP

GGC heuristics: --param ggc-min-expand=100 --param ggc-min-heapsize=131072
Compiler executable checksum: 6c87588fc345655b93b8c25f48f88886
COLLECT_GCC_OPTIONS='-v' '-o' 'CMakeFiles/cmTC_e39f7.dir/CMakeCXXCompilerABI.cpp.o' '-c' '-shared-libgcc' '-mtune=generic' '-march=x86-64' '-dumpdir' 'CMakeFiles/cmTC_e39f7.dir/'
 as -v --64 -o CMakeFiles/cmTC_e39f7.dir/CMakeCXXCompilerABI.cpp.o /tmp/ccYD5ohn.s
GNU assembler version 2.38 (x86_64-linux-gnu) using BFD version (GNU Binutils for Ubuntu) 2.38
COMPILER_PATH=/usr/lib/gcc/x86_64-linux-gnu/11/:/usr/lib/gcc/x86_64-linux-gnu/11/:/usr/lib/gcc/x86_64-linux-gnu/:/usr/lib/gcc/x86_64-linux-gnu/11/:/usr/lib/gcc/x86_64-linux-gnu/
LIBRARY_PATH=/usr/lib/gcc/x86_64-linux-gnu/11/:/usr/lib/gcc/x86_64-linux-gnu/11/../../../x86_64-linux-gnu/:/usr/lib/gcc/x86_64-linux-gnu/11/../../../../lib/:/lib/x86_64-linux-gnu/:/lib/../lib/:/usr/lib/x86_64-linux-gnu/:/usr/lib/../lib/:/usr/lib/gcc/x86_64-linux-gnu/11/../../../:/lib/:/usr/lib/
COLLECT_GCC_OPTIONS='-v' '-o' 'CMakeFiles/cmTC_e39f7.dir/CMakeCXXCompilerABI.cpp.o' '-c' '-shared-libgcc' '-mtune=generic' '-march=x86-64' '-dumpdir' 'CMakeFiles/cmTC_e39f7.dir/CMakeCXXCompilerABI.cpp.'
Linking CXX executable cmTC_e39f7
/usr/bin/cmake -E cmake_link_script CMakeFiles/cmTC_e39f7.dir/link.txt --verbose=1
/usr/bin/c++  -v CMakeFiles/cmTC_e39f7.dir/CMakeCXXCompilerABI.cpp.o -o cmTC_e39f7 
Using built-in specs.
COLLECT_GCC=/usr/bin/c++
COLLECT_LTO_WRAPPER=/usr/lib/gcc/x86_64-linux-gnu/11/lto-wrapper
OFFLOAD_TARGET_NAMES=nvptx-none:amdgcn-amdhsa
OFFLOAD_TARGET_DEFAULT=1
Target: x86_64-linux-gnu
Configured with: ../src/configure -v --with-pkgversion='Ubuntu 11.4.0-1ubuntu1~22.04.2' --with-bugurl=file:///usr/share/doc/gcc-11/README.Bugs --enable-languages=c,ada,c++,go,brig,d,fortran,objc,obj-c++,m2 --prefix=/usr --with-gcc-major-version-only --program-suffix=-11 --program-prefix=x86_64-linux-gnu- --enable-shared --enable-linker-build-id --libexecdir=/usr/lib --without-included-gettext --enable-threads=posix --libdir=/usr/lib --enable-nls --enable-bootstrap --enable-clocale=gnu --enable-libstdcxx-debug --enable-libstdcxx-time=yes --with-default-libstdcxx-abi=new --enable-gnu-unique-object --disable-vtable-verify --enable-plugin --enable-default-pie --with-system-zlib --enable-libphobos-checking=release --with-target-system-zlib=auto --enable-objc-gc=auto --enable-multiarch --disable-werror --enable-cet --with-arch-32=i686 --with-abi=m64 --with-multilib-list=m32,m64,mx32 --enable-multilib --with-tune=generic --enable-offload-targets=nvptx-none=/build/gcc-11-2Y5pKs/gcc-11-11.4.0/debian/tmp-nvptx/usr,amdgcn-amdhsa=/build/gcc-11-2Y5pKs/gcc-11-11.4.0/debian/tmp-gcn/usr --without-cuda-driver --enable-checking=release --build=x86_64-linux-gnu --host=x86_64-linux-gnu --target=x86_64-linux-gnu --with-build-config=bootstrap-lto-lean --enable-link-serialization=2
Thread model: posix
Supported LTO compression algorithms: zlib zstd
gcc version 11.4.0 (Ubuntu 11.4.0-1ubuntu1~22.04.2) 
COMPILER_PATH=/usr/lib/gcc/x86_64-linux-gnu/11/:/usr/lib/gcc/x86_64-linux-gnu/11/:/usr/lib/gcc/x86_64-linux-gnu/:/usr/lib/gcc/x86_64-linux-gnu/11/:/usr/lib/gcc/x86_64-linux-gnu/
LIBRARY_PATH=/usr/lib/gcc/x86_64-linux-gnu/11/:/usr/lib/gcc/x86_64-linux-gnu/11/../../../x86_64-linux-gnu/:/usr/lib/gcc/x86_64-linux-gnu/11/../../../../lib/:/lib/x86_64-linux-gnu/:/lib/../lib/:/usr/lib/x86_64-linux-gnu/:/usr/lib/../lib/:/usr/lib/gcc/x86_64-linux-gnu/11/../../../:/lib/:/usr/lib/
COLLECT_GCC_OPTIONS='-v' '-o' 'cmTC_e39f7' '-shared-libgcc' '-mtune=generic' '-march=x86-64' '-dumpdir' 'cmTC_e39f7.'
 /usr/lib/gcc/x86_64-linux-gnu/11/collect2 -plugin /usr/lib/gcc/x86_64-linux-gnu/11/liblto_plugin.so -plugin-opt=/usr/lib/gcc/x86_64-linux-gnu/11/lto-wrapper -plugin-opt=-fresolution=/tmp/ccOMKelr.res -plugin-opt=-pass-through=-lgcc_s -plugin-opt=-pass-through=-lgcc -plugin-opt=-pass-through=-lc -plugin-opt=-pass-through=-lgcc_s -plugin-opt=-pass-through=-lgcc --build-id --eh-frame-hdr -m elf_x86_64 --hash-style=gnu --as-needed -dynamic-linker /lib64/ld-linux-x86-64.so.2 -pie -z now -z relro -o cmTC_e39f7 /usr/lib/gcc/x86_64-linux-gnu/11/../../../x86_64-linux-gnu/Scrt1.o /usr/lib/gcc/x86_64-linux-gnu/11/../../../x86_64-linux-gnu/crti.o /usr/lib/gcc/x86_64-linux-gnu/11/crtbeginS.o -L/usr/lib/gcc/x86_64-linux-gnu/11 -L/usr/lib/gcc/x86_64-linux-gnu/11/../../../x86_64-linux-gnu -L/usr/lib/gcc/x86_64-linux-gnu/11/../../../../lib -L/lib/x86_64-linux-gnu -L/lib/../lib -L/usr/lib/x86_64-linux-gnu -L/usr/lib/../lib -L/usr/lib/gcc/x86_64-linux-gnu/11/../../.. CMakeFiles/cmTC_e39f7.dir/CMakeCXXCompilerABI.cpp.o -lstdc++ -lm -lgcc_s -lgcc -lc -lgcc_s -lgcc /usr/lib/gcc/x86_64-linux-gnu/11/crtendS.o /usr/lib/gcc/x86_64-linux-gnu/11/../../../x86_64-linux-gnu/crtn.o
COLLECT_GCC_OPTIONS='-v' '-o' 'cmTC_e39f7' '-shared-libgcc' '-mtune=generic' '-march=x86-64' '-dumpdir' 'cmTC_e39f7.'
gmake[1]: Leaving directory '/home/neovp/soft/geant4/geant4-v11.4.0/examples/basic/B11/build/CMakeFiles/CMakeTmp'



Parsed CXX implicit include dir info from above output: rv=done
  found start of include info
  found start of implicit include info
    add: [/usr/include/c++/11]
    add: [/usr/include/x86_64-linux-gnu/c++/11]
    add: [/usr/include/c++/11/backward]
    add: [/usr/lib/gcc/x86_64-linux-gnu/11/include]
    add: [/usr/local/include]
    add: [/usr/include/x86_64-linux-gnu]
    add: [/usr/include]
  end of search list found
  collapse include dir [/usr/include/c++/11] ==> [/usr/include/c++/11]
  collapse include dir [/usr/include/x86_64-linux-gnu/c++/11] ==> [/usr/include/x86_64-linux-gnu/c++/11]
  collapse include dir [/usr/include/c++/11/backward] ==> [/usr/include/c++/11/backward]
  collapse include dir [/usr/lib/gcc/x86_64-linux-gnu/11/include] ==> [/usr/lib/gcc/x86_64-linux-gnu/11/include]
  collapse include dir [/usr/local/include] ==> [/usr/local/include]
  collapse include dir [/usr/include/x86_64-linux-gnu] ==> [/usr/include/x86_64-linux-gnu]
  collapse include dir [/usr/include] ==> [/usr/include]
  implicit include dirs: [/usr/include/c++/11;/usr/include/x86_64-linux-gnu/c++/11;/usr/include/c++/11/backward;/usr/lib/gcc/x86_64-linux-gnu/11/include;/usr/local/include;/usr/include/x86_64-linux-gnu;/usr/include]


Parsed CXX implicit link information from above output:
  link line regex: [^( *|.*[/\])(ld|CMAKE_LINK_STARTFILE-NOTFOUND|([^/\]+-)?ld|collect2)[^/\]*( |$)]
  ignore line: [Change Dir: /home/neovp/soft/geant4/geant4-v11.4.0/examples/basic/B11/build/CMakeFiles/CMakeTmp]
  ignore line: []
  ignore line: [Run Build Command(s):/usr/bin/gmake -f Makefile cmTC_e39f7/fast && /usr/bin/gmake  -f CMakeFiles/cmTC_e39f7.dir/build.make CMakeFiles/cmTC_e39f7.dir/build]
  ignore line: [gmake[1]: Entering directory '/home/neovp/soft/geant4/geant4-v11.4.0/examples/basic/B11/build/CMakeFiles/CMakeTmp']
  ignore line: [Building CXX object CMakeFiles/cmTC_e39f7.dir/CMakeCXXCompilerABI.cpp.o]
  ignore line: [/usr/bin/c++   -v -o CMakeFiles/cmTC_e39f7.dir/CMakeCXXCompilerABI.cpp.o -c /usr/share/cmake-3.22/Modules/CMakeCXXCompilerABI.cpp]
  ignore line: [Using built-in specs.]
  ignore line: [COLLECT_GCC=/usr/bin/c++]
  ignore line: [OFFLOAD_TARGET_NAMES=nvptx-none:amdgcn-amdhsa]
  ignore line: [OFFLOAD_TARGET_DEFAULT=1]
  ignore line: [Target: x86_64-linux-gnu]
  ignore line: [Configured with: ../src/configure -v --with-pkgversion='Ubuntu 11.4.0-1ubuntu1~22.04.2' --with-bugurl=file:///usr/share/doc/gcc-11/README.Bugs --enable-languages=c ada c++ go brig d fortran objc obj-c++ m2 --prefix=/usr --with-gcc-major-version-only --program-suffix=-11 --program-prefix=x86_64-linux-gnu- --enable-shared --enable-linker-build-id --libexecdir=/usr/lib --without-included-gettext --enable-threads=posix --libdir=/usr/lib --enable-nls --enable-bootstrap --enable-clocale=gnu --enable-libstdcxx-debug --enable-libstdcxx-time=yes --with-default-libstdcxx-abi=new --enable-gnu-unique-object --disable-vtable-verify --enable-plugin --enable-default-pie --with-system-zlib --enable-libphobos-checking=release --with-target-system-zlib=auto --enable-objc-gc=auto --enable-multiarch --disable-werror --enable-cet --with-arch-32=i686 --with-abi=m64 --with-multilib-list=m32 m64 mx32 --enable-multilib --with-tune=generic --enable-offload-targets=nvptx-none=/build/gcc-11-2Y5pKs/gcc-11-11.4.0/debian/tmp-nvptx/usr amdgcn-amdhsa=/build/gcc-11-2Y5pKs/gcc-11-11.4.0/debian/tmp-gcn/usr --without-cuda-driver --enable-checking=release --build=x86_64-linux-gnu --host=x86_64-linux-gnu --target=x86_64-linux-gnu --with-build-config=bootstrap-lto-lean --enable-link-serialization=2]
  ignore line: [Thread model: posix]
  ignore line: [Supported LTO compression algorithms: zlib zstd]
  ignore line: [gcc version 11.4.0 (Ubuntu 11.4.0-1ubuntu1~22.04.2) ]
  ignore line: [COLLECT_GCC_OPTIONS='-v' '-o' 'CMakeFiles/cmTC_e39f7.dir/CMakeCXXCompilerABI.cpp.o' '-c' '-shared-libgcc' '-mtune=generic' '-march=x86-64' '-dumpdir' 'CMakeFiles/cmTC_e39f7.dir/']
  ignore line: [ /usr/lib/gcc/x86_64-linux-gnu/11/cc1plus -quiet -v -imultiarch x86_64-linux-gnu -D_GNU_SOURCE /usr/share/cmake-3.22/Modules/CMakeCXXCompilerABI.cpp -quiet -dumpdir CMakeFiles/cmTC_e39f7.dir/ -dumpbase CMakeCXXCompilerABI.cpp.cpp -dumpbase-ext .cpp -mtune=generic -march=x86-64 -version -fasynchronous-unwind-tables -fstack-protector-strong -Wformat -Wformat-security -fstack-clash-protection -fcf-protection -o /tmp/ccYD5ohn.s]
  ignore line: [GNU C++17 (Ubuntu 11.4.0-1ubuntu1~22.04.2) version 11.4.0 (x86_64-linux-gnu)]
  ignore line: [	compiled by GNU C version 11.4.0  GMP version 6.2.1  MPFR version 4.1.0  MPC version 1.2.1  isl version isl-0.24-GMP]
  ignore line: []
  ignore line: [GGC heuristics: --param ggc-min-expand=100 --param ggc-min-heapsize=131072]
  ignore line: [ignoring duplicate directory "/usr/include/x86_64-linux-gnu/c++/11"]
  ignore line: [ignoring nonexistent directory "/usr/local/include/x86_64-linux-gnu"]
  ignore line: [ignoring nonexistent directory "/usr/lib/gcc/x86_64-linux-gnu/11/include-fixed"]
  ignore line: [ignoring nonexistent directory "/usr/lib/gcc/x86_64-linux-gnu/11/../../../../x86_64-linux-gnu/include"]
  ignore line: [#include "..." search starts here:]
  ignore line: [#include <...> search starts here:]
  ignore line: [ /usr/include/c++/11]
  ignore line: [ /usr/include/x86_64-linux-gnu/c++/11]
  ignore line: [ /usr/include/c++/11/backward]
  ignore line: [ /usr/lib/gcc/x86_64-linux-gnu/11/include]
  ignore line: [ /usr/local/include]
  ignore line: [ /usr/include/x86_64-linux-gnu]
  ignore line: [ /usr/include]
  ignore line: [End of search list.]
  ignore line: [GNU C++17 (Ubuntu 11.4.0-1ubuntu1~22.04.2) version 11.4.0 (x86_64-linux-gnu)]
  ignore line: [	compiled by GNU C version 11.4.0  GMP version 6.2.1  MPFR version 4.1.0  MPC version 1.2.1  isl version isl-0.24-GMP]
  ignore line: []
  ignore line: [GGC heuristics: --param ggc-min-expand=100 --param ggc-min-heapsize=131072]
  ignore line: [Compiler executable checksum: 6c87588fc345655b93b8c25f48f88886]
  ignore line: [COLLECT_GCC_OPTIONS='-v' '-o' 'CMakeFiles/cmTC_e39f7.dir/CMakeCXXCompilerABI.cpp.o' '-c' '-shared-libgcc' '-mtune=generic' '-march=x86-64' '-dumpdir' 'CMakeFiles/cmTC_e39f7.dir/']
  ignore line: [ as -v --64 -o CMakeFiles/cmTC_e39f7.dir/CMakeCXXCompilerABI.cpp.o /tmp/ccYD5ohn.s]
  ignore line: [GNU assembler version 2.38 (x86_64-linux-gnu) using BFD version (GNU Binutils for Ubuntu) 2.38]
  ignore line: [COMPILER_PATH=/usr/lib/gcc/x86_64-linux-gnu/11/:/usr/lib/gcc/x86_64-linux-gnu/11/:/usr/lib/gcc/x86_64-linux-gnu/:/usr/lib/gcc/x86_64-linux-gnu/11/:/usr/lib/gcc/x86_64-linux-gnu/]
  ignore line: [LIBRARY_PATH=/usr/lib/gcc/x86_64-linux-gnu/11/:/usr/lib/gcc/x86_64-linux-gnu/11/../../../x86_64-linux-gnu/:/usr/lib/gcc/x86_64-linux-gnu/11/../../../../lib/:/lib/x86_64-linux-gnu/:/lib/../lib/:/usr/lib/x86_64-linux-gnu/:/usr/lib/../lib/:/usr/lib/gcc/x86_64-linux-gnu/11/../../../:/lib/:/usr/lib/]
  ignore line: [COLLECT_GCC_OPTIONS='-v' '-o' 'CMakeFiles/cmTC_e39f7.dir/CMakeCXXCompilerABI.cpp.o' '-c' '-shared-libgcc' '-mtune=generic' '-march=x86-64' '-dumpdir' 'CMakeFiles/cmTC_e39f7.dir/CMakeCXXCompilerABI.cpp.']
  ignore line: [Linking CXX executable cmTC_e39f7]
  ignore line: [/usr/bin/cmake -E cmake_link_script CMakeFiles/cmTC_e39f7.dir/link.txt --verbose=1]
  ignore line: [/usr/bin/c++  -v CMakeFiles/cmTC_e39f7.dir/CMakeCXXCompilerABI.cpp.o -o cmTC_e39f7 ]
  ignore line: [Using built-in specs.]
  ignore line: [COLLECT_GCC=/usr/bin/c++]
  ignore line: [COLLECT_LTO_WRAPPER=/usr/lib/gcc/x86_64-linux-gnu/11/lto-wrapper]
  ignore line: [OFFLOAD_TARGET_NAMES=nvptx-none:amdgcn-amdhsa]
  ignore line: [OFFLOAD_TARGET_DEFAULT=1]
  ignore line: [Target: x86_64-linux-gnu]
  ignore line: [Configured with: ../src/configure -v --with-pkgversion='Ubuntu 11.4.0-1ubuntu1~22.04.2' --with-bugurl=file:///usr/share/doc/gcc-11/README.Bugs --enable-languages=c ada c++ go brig d fortran objc obj-c++ m2 --prefix=/usr --with-gcc-major-version-only --program-suffix=-11 --program-prefix=x86_64-linux-gnu- --enable-shared --enable-linker-build-id --libexecdir=/usr/lib --without-included-gettext --enable-threads=posix --libdir=/usr/lib --enable-nls --enable-bootstrap --enable-clocale=gnu --enable-libstdcxx-debug --enable-libstdcxx-time=yes --with-default-libstdcxx-abi=new --enable-gnu-unique-object --disable-vtable-verify --enable-plugin --enable-default-pie --with-system-zlib --enable-libphobos-checking=release --with-target-system-zlib=auto --enable-objc-gc=auto --enable-multiarch --disable-werror --enable-cet --with-arch-32=i686 --with-abi=m64 --with-multilib-list=m32 m64 mx32 --enable-multilib --with-tune=generic --enable-offload-targets=nvptx-none=/build/gcc-11-2Y5pKs/gcc-11-11.4.0/debian/tmp-nvptx/usr amdgcn-amdhsa=/build/gcc-11-2Y5pKs/gcc-11-11.4.0/debian/tmp-gcn/usr --without-cuda-driver --enable-checking=release --build=x86_64-linux-gnu --host=x86_64-linux-gnu --target=x86_64-linux-gnu --with-build-config=bootstrap-lto-lean --enable-link-serialization=2]
  ignore line: [Thread model: posix]
  ignore line: [Supported LTO compression algorithms: zlib zstd]
  ignore line: [gcc version 11.4.0 (Ubuntu 11.4.0-1ubuntu1~22.04.2) ]
  ignore line: [COMPILER_PATH=/usr/lib/gcc/x86_64-linux-gnu/11/:/usr/lib/gcc/x86_64-linux-gnu/11/:/usr/lib/gcc/x86_64-linux-gnu/:/usr/lib/gcc/x86_64-linux-gnu/11/:/usr/lib/gcc/x86_64-linux-gnu/]
  ignore line: [LIBRARY_PATH=/usr/lib/gcc/x86_64-linux-gnu/11/:/usr/lib/gcc/x86_64-linux-gnu/11/../../../x86_64-linux-gnu/:/usr/lib/gcc/x86_64-linux-gnu/11/../../../../lib/:/lib/x86_64-linux-gnu/:/lib/../lib/:/usr/lib/x86_64-linux-gnu/:/usr/lib/../lib/:/usr/lib/gcc/x86_64-linux-gnu/11/../../../:/lib/:/usr/lib/]
  ignore line: [COLLECT_GCC_OPTIONS='-v' '-o' 'cmTC_e39f7' '-shared-libgcc' '-mtune=generic' '-march=x86-64' '-dumpdir' 'cmTC_e39f7.']
  link line: [ /usr/lib/gcc/x86_64-linux-gnu/11/collect2 -plugin /usr/lib/gcc/x86_64-linux-gnu/11/liblto_plugin.so -plugin-opt=/usr/lib/gcc/x86_64-linux-gnu/11/lto-wrapper -plugin-opt=-fresolution=/tmp/ccOMKelr.res -plugin-opt=-pass-through=-lgcc_s -plugin-opt=-pass-through=-lgcc -plugin-opt=-pass-through=-lc -plugin-opt=-pass-through=-lgcc_s -plugin-opt=-pass-through=-lgcc --build-id --eh-frame-hdr -m elf_x86_64 --hash-style=gnu --as-needed -dynamic-linker /lib64/ld-linux-x86-64.so.2 -pie -z now -z relro -o cmTC_e39f7 /usr/lib/gcc/x86_64-linux-gnu/11/../../../x86_64-linux-gnu/Scrt1.o /usr/lib/gcc/x86_64-linux-gnu/11/../../../x86_64-linux-gnu/crti.o /usr/lib/gcc/x86_64-linux-gnu/11/crtbeginS.o -L/usr/lib/gcc/x86_64-linux-gnu/11 -L/usr/lib/gcc/x86_64-linux-gnu/11/../../../x86_64-linux-gnu -L/usr/lib/gcc/x86_64-linux-gnu/11/../../../../lib -L/lib/x86_64-linux-gnu -L/lib/../lib -L/usr/lib/x86_64-linux-gnu -L/usr/lib/../lib -L/usr/lib/gcc/x86_64-linux-gnu/11/../../.. CMakeFiles/cmTC_e39f7.dir/CMakeCXXCompilerABI.cpp.o -lstdc++ -lm -lgcc_s -lgcc -lc -lgcc_s -lgcc /usr/lib/gcc/x86_64-linux-gnu/11/crtendS.o /usr/lib/gcc/x86_64-linux-gnu/11/../../../x86_64-linux-gnu/crtn.o]
    arg [/usr/lib/gcc/x86_64-linux-gnu/11/collect2] ==> ignore
    arg [-plugin] ==> ignore
    arg [/usr/lib/gcc/x86_64-linux-gnu/11/liblto_plugin.so] ==> ignore
    arg [-plugin-opt=/usr/lib/gcc/x86_64-linux-gnu/11/lto-wrapper] ==> ignore
    arg [-plugin-opt=-fresolution=/tmp/ccOMKelr.res] ==> ignore
    arg [-plugin-opt=-pass-through=-lgcc_s] ==> ignore
    arg [-plugin-opt=-pass-through=-lgcc] ==> ignore
    arg [-plugin-opt=-pass-through=-lc] ==> ignore
    arg [-plugin-opt=-pass-through=-lgcc_s] ==> ignore
    arg [-plugin-opt=-pass-through=-lgcc] ==> ignore
    arg [--build-id] ==> ignore
    arg [--eh-frame-hdr] ==> ignore
    arg [-m] ==> ignore
    arg [elf_x86_64] ==> ignore
    arg [--hash-style=gnu] ==> ignore
    arg [--as-needed] ==> ignore
    arg [-dynamic-linker] ==> ignore
    arg [/lib64/ld-linux-x86-64.so.2] ==> ignore
    arg [-pie] ==> ignore
    arg [-znow] ==> ignore
    arg [-zrelro] ==> ignore
    arg [-o] ==> ignore
    arg [cmTC_e39f7] ==> ignore
    arg [/usr/lib/gcc/x86_64-linux-gnu/11/../../../x86_64-linux-gnu/Scrt1.o] ==> obj [/usr/lib/gcc/x86_64-linux-gnu/11/../../../x86_64-linux-gnu/Scrt1.o]
    arg [/usr/lib/gcc/x86_64-linux-gnu/11/../../../x86_64-linux-gnu/crti.o] ==> obj [/usr/lib/gcc/x86_64-linux-gnu/11/../../../x86_64-linux-gnu/crti.o]
    arg [/usr/lib/gcc/x86_64-linux-gnu/11/crtbeginS.o] ==> obj [/usr/lib/gcc/x86_64-linux-gnu/11/crtbeginS.o]
    arg [-L/usr/lib/gcc/x86_64-linux-gnu/11] ==> dir [/usr/lib/gcc/x86_64-linux-gnu/11]
    arg [-L/usr/lib/gcc/x86_64-linux-gnu/11/../../../x86_64-linux-gnu] ==> dir [/usr/lib/gcc/x86_64-linux-gnu/11/../../../x86_64-linux-gnu]
    arg [-L/usr/lib/gcc/x86_64-linux-gnu/11/../../../../lib] ==> dir [/usr/lib/gcc/x86_64-linux-gnu/11/../../../../lib]
    arg [-L/lib/x86_64-linux-gnu] ==> dir [/lib/x86_64-linux-gnu]
    arg [-L/lib/../lib] ==> dir [/lib/../lib]
    arg [-L/usr/lib/x86_64-linux-gnu] ==> dir [/usr/lib/x86_64-linux-gnu]
    arg [-L/usr/lib/../lib] ==> dir [/usr/lib/../lib]
    arg [-L/usr/lib/gcc/x86_64-linux-gnu/11/../../..] ==> dir [/usr/lib/gcc/x86_64-linux-gnu/11/../../..]
    arg [CMakeFiles/cmTC_e39f7.dir/CMakeCXXCompilerABI.cpp.o] ==> ignore
    arg [-lstdc++] ==> lib [stdc++]
    arg [-lm] ==> lib [m]
    arg [-lgcc_s] ==> lib [gcc_s]
    arg [-lgcc] ==> lib [gcc]
    arg [-lc] ==> lib [c]
    arg [-lgcc_s] ==> lib [gcc_s]
    arg [-lgcc] ==> lib [gcc]
    arg [/usr/lib/gcc/x86_64-linux-gnu/11/crtendS.o] ==> obj [/usr/lib/gcc/x86_64-linux-gnu/11/crtendS.o]
    arg [/usr/lib/gcc/x86_64-linux-gnu/11/../../../x86_64-linux-gnu/crtn.o] ==> obj [/usr/lib/gcc/x86_64-linux-gnu/11/../../../x86_64-linux-gnu/crtn.o]
  collapse obj [/usr/lib/gcc/x86_64-linux-gnu/11/../../../x86_64-linux-gnu/Scrt1.o] ==> [/usr/lib/x86_64-linux-gnu/Scrt1.o]
  collapse obj [/usr/lib/gcc/x86_64-linux-gnu/11/../../../x86_64-linux-gnu/crti.o] ==> [/usr/lib/x86_64-linux-gnu/crti.o]
  collapse obj [/usr/lib/gcc/x86_64-linux-gnu/11/../../../x86_64-linux-gnu/crtn.o] ==> [/usr/lib/x86_64-linux-gnu/crtn.o]
  collapse library dir [/usr/lib/gcc/x86_64-linux-gnu/11] ==> [/usr/lib/gcc/x86_64-linux-gnu/11]
  collapse library dir [/usr/lib/gcc/x86_64-linux-gnu/11/../../../x86_64-linux-gnu] ==> [/usr/lib/x86_64-linux-gnu]
  collapse library dir [/usr/lib/gcc/x86_64-linux-gnu/11/../../../../lib] ==> [/usr/lib]
  collapse library dir [/lib/x86_64-linux-gnu] ==> [/lib/x86_64-linux-gnu]
  collapse library dir [/lib/../lib] ==> [/lib]
  collapse library dir [/usr/lib/x86_64-linux-gnu] ==> [/usr/lib/x86_64-linux-gnu]
  collapse library dir [/usr/lib/../lib] ==> [/usr/lib]
  collapse library dir [/usr/lib/gcc/x86_64-linux-gnu/11/../../..] ==> [/usr/lib]
  implicit libs: [stdc++;m;gcc_s;gcc;c;gcc_s;gcc]
  implicit objs: [/usr/lib/x86_64-linux-gnu/Scrt1.o;/usr/lib/x86_64-linux-gnu/crti.o;/usr/lib/gcc/x86_64-linux-gnu/11/crtbeginS.o;/usr/lib/gcc/x86_64-linux-gnu/11/crtendS.o;/usr/lib/x86_64-linux-gnu/crtn.o]
  implicit dirs: [/usr/lib/gcc/x86_64-linux-gnu/11;/usr/lib/x86_64-linux-gnu;/usr/lib;/lib/x86_64-linux-gnu;/lib]
  implicit fwks: []


Determining if the include file pthread.h exists passed with the following output:
Change Dir: /home/neovp/soft/geant4/geant4-v11.4.0/examples/basic/B11/build/CMakeFiles/CMakeTmp

Run Build Command(s):/usr/bin/gmake -f Makefile cmTC_b635b/fast && /usr/bin/gmake  -f CMakeFiles/cmTC_b635b.dir/build.make CMakeFiles/cmTC_b635b.dir/build
gmake[1]: Entering directory '/home/neovp/soft/geant4/geant4-v11.4.0/examples/basic/B11/build/CMakeFiles/CMakeTmp'
Building C object CMakeFiles/cmTC_b635b.dir/CheckIncludeFile.c.o
/usr/bin/cc    -o CMakeFiles/cmTC_b635b.dir/CheckIncludeFile.c.o -c /home/neovp/soft/geant4/geant4-v11.4.0/examples/basic/B11/build/CMakeFiles/CMakeTmp/CheckIncludeFile.c
Linking C executable cmTC_b635b
/usr/bin/cmake -E cmake_link_script CMakeFiles/cmTC_b635b.dir/link.txt --verbose=1
/usr/bin/cc CMakeFiles/cmTC_b635b.dir/CheckIncludeFile.c.o -o cmTC_b635b 
gmake[1]: Leaving directory '/home/neovp/soft/geant4/geant4-v11.4.0/examples/basic/B11/build/CMakeFiles/CMakeTmp'



Performing C SOURCE FILE Test CMAKE_HAVE_LIBC_PTHREAD succeeded with the following output:
Change Dir: /home/neovp/soft/geant4/geant4-v11.4.0/examples/basic/B11/build/CMakeFiles/CMakeTmp

Run Build Command(s):/usr/bin/gmake -f Makefile cmTC_46d17/fast && /usr/bin/gmake  -f CMakeFiles/cmTC_46d17.dir/build.make CMakeFiles/cmTC_46d17.dir/build
gmake[1]: Entering directory '/home/neovp/soft/geant4/geant4-v11.4.0/examples/basic/B11/build/CMakeFiles/CMakeTmp'
Building C object CMakeFiles/cmTC_46d17.dir/src.c.o
/usr/bin/cc -DCMAKE_HAVE_LIBC_PTHREAD   -o CMakeFiles/cmTC_46d17.dir/src.c.o -c /home/neovp/soft/geant4/geant4-v11.4.0/examples/basic/B11/build/CMakeFiles/CMakeTmp/src.c
Linking C executable cmTC_46d17
/usr/bin/cmake -E cmake_link_script CMakeFiles/cmTC_46d17.dir/link.txt --verbose=1
/usr/bin/cc CMakeFiles/cmTC_46d17.dir/src.c.o -o cmTC_46d17 
gmake[1]: Leaving directory '/home/neovp/soft/geant4/geant4-v11.4.0/examples/basic/B11/build/CMakeFiles/CMakeTmp'


Source file was:
#include <pthread.h>

static void* test_func(void* data)
{
  return data;
}

int main(void)
{
  pthread_t thread;
  pthread_create(&thread, NULL, test_func, NULL);
  pthread_detach(thread);
  pthread_cancel(thread);
  pthread_join(thread, NULL);
  pthread_atfork(NULL, NULL, NULL);
  pthread_exit(NULL);

  return 0;
}

Determining if the function XOpenDisplay exists in the /usr/lib/x86_64-linux-gnu/libX11.so;/usr/lib/x86_64-linux-gnu/libXext.so passed with the following output:
Change Dir: /home/neovp/soft/geant4/geant4-v11.4.0/examples/basic/B11/build/CMakeFiles/CMakeTmp

Run Build Command(s):/usr/bin/gmake -f Makefile cmTC_e173a/fast && /usr/bin/gmake  -f CMakeFiles/cmTC_e173a.dir/build.make CMakeFiles/cmTC_e173a.dir/build
gmake[1]: Entering directory '/home/neovp/soft/geant4/geant4-v11.4.0/examples/basic/B11/build/CMakeFiles/CMakeTmp'
Building C object CMakeFiles/cmTC_e173a.dir/CheckFunctionExists.c.o
/usr/bin/cc   -DCHECK_FUNCTION_EXISTS=XOpenDisplay -o CMakeFiles/cmTC_e173a.dir/CheckFunctionExists.c.o -c /usr/share/cmake-3.22/Modules/CheckFunctionExists.c
Linking C executable cmTC_e173a
/usr/bin/cmake -E cmake_link_script CMakeFiles/cmTC_e173a.dir/link.txt --verbose=1
/usr/bin/cc  -DCHECK_FUNCTION_EXISTS=XOpenDisplay CMakeFiles/cmTC_e173a.dir/CheckFunctionExists.c.o -o cmTC_e173a  /usr/lib/x86_64-linux-gnu/libX11.so /usr/lib/x86_64-linux-gnu/libXext.so 
gmake[1]: Leaving directory '/home/neovp/soft/geant4/geant4-v11.4.0/examples/basic/B11/build/CMakeFiles/CMakeTmp'



Determining if the function gethostbyname exists passed with the following output:
Change Dir: /home/neovp/soft/geant4/geant4-v11.4.0/examples/basic/B11/build/CMakeFiles/CMakeTmp

Run Build Command(s):/usr/bin/gmake -f Makefile cmTC_d884b/fast && /usr/bin/gmake  -f CMakeFiles/cmTC_d884b.dir/build.make CMakeFiles/cmTC_d884b.dir/build
gmake[1]: Entering directory '/home/neovp/soft/geant4/geant4-v11.4.0/examples/basic/B11/build/CMakeFiles/CMakeTmp'
Building C object CMakeFiles/cmTC_d884b.dir/CheckFunctionExists.c.o
/usr/bin/cc   -DCHECK_FUNCTION_EXISTS=gethostbyname -o CMakeFiles/cmTC_d884b.dir/CheckFunctionExists.c.o -c /usr/share/cmake-3.22/Modules/CheckFunctionExists.c
Linking C executable cmTC_d884b
/usr/bin/cmake -E cmake_link_script CMakeFiles/cmTC_d884b.dir/link.txt --verbose=1
/usr/bin/cc  -DCHECK_FUNCTION_EXISTS=gethostbyname CMakeFiles/cmTC_d884b.dir/CheckFunctionExists.c.o -o cmTC_d884b 
gmake[1]: Leaving directory '/home/neovp/soft/geant4/geant4-v11.4.0/examples/basic/B11/build/CMakeFiles/CMakeTmp'



Determining if the function connect exists passed with the following output:
Change Dir: /home/neovp/soft/geant4/geant4-v11.4.0/examples/basic/B11/build/CMakeFiles/CMakeTmp

Run Build Command(s):/usr/bin/gmake -f Makefile cmTC_85a8b/fast && /usr/bin/gmake  -f CMakeFiles/cmTC_85a8b.dir/build.make CMakeFiles/cmTC_85a8b.dir/build
gmake[1]: Entering directory '/home/neovp/soft/geant4/geant4-v11.4.0/examples/basic/B11/build/CMakeFiles/CMakeTmp'
Building C object CMakeFiles/cmTC_85a8b.dir/CheckFunctionExists.c.o
/usr/bin/cc   -DCHECK_FUNCTION_EXISTS=connect -o CMakeFiles/cmTC_85a8b.dir/CheckFunctionExists.c.o -c /usr/share/cmake-3.22/Modules/CheckFunctionExists.c
Linking C executable cmTC_85a8b
/usr/bin/cmake -E cmake_link_script CMakeFiles/cmTC_85a8b.dir/link.txt --verbose=1
/usr/bin/cc  -DCHECK_FUNCTION_EXISTS=connect CMakeFiles/cmTC_85a8b.dir/CheckFunctionExists.c.o -o cmTC_85a8b 
gmake[1]: Leaving directory '/home/neovp/soft/geant4/geant4-v11.4.0/examples/basic/B11/build/CMakeFiles/CMakeTmp'



Determining if the function remove exists passed with the following output:
Change Dir: /home/neovp/soft/geant4/geant4-v11.4.0/examples/basic/B11/build/CMakeFiles/CMakeTmp

Run Build Command(s):/usr/bin/gmake -f Makefile cmTC_3c722/fast && /usr/bin/gmake  -f CMakeFiles/cmTC_3c722.dir/build.make CMakeFiles/cmTC_3c722.dir/build
gmake[1]: Entering directory '/home/neovp/soft/geant4/geant4-v11.4.0/examples/basic/B11/build/CMakeFiles/CMakeTmp'
Building C object CMakeFiles/cmTC_3c722.dir/CheckFunctionExists.c.o
/usr/bin/cc   -DCHECK_FUNCTION_EXISTS=remove -o CMakeFiles/cmTC_3c722.dir/CheckFunctionExists.c.o -c /usr/share/cmake-3.22/Modules/CheckFunctionExists.c
Linking C executable cmTC_3c722
/usr/bin/cmake -E cmake_link_script CMakeFiles/cmTC_3c722.dir/link.txt --verbose=1
/usr/bin/cc  -DCHECK_FUNCTION_EXISTS=remove CMakeFiles/cmTC_3c722.dir/CheckFunctionExists.c.o -o cmTC_3c722 
gmake[1]: Leaving directory '/home/neovp/soft/geant4/geant4-v11.4.0/examples/basic/B11/build/CMakeFiles/CMakeTmp'



Determining if the function shmat exists passed with the following output:
Change Dir: /home/neovp/soft/geant4/geant4-v11.4.0/examples/basic/B11/build/CMakeFiles/CMakeTmp

Run Build Command(s):/usr/bin/gmake -f Makefile cmTC_07b60/fast && /usr/bin/gmake  -f CMakeFiles/cmTC_07b60.dir/build.make CMakeFiles/cmTC_07b60.dir/build
gmake[1]: Entering directory '/home/neovp/soft/geant4/geant4-v11.4.0/examples/basic/B11/build/CMakeFiles/CMakeTmp'
Building C object CMakeFiles/cmTC_07b60.dir/CheckFunctionExists.c.o
/usr/bin/cc   -DCHECK_FUNCTION_EXISTS=shmat -o CMakeFiles/cmTC_07b60.dir/CheckFunctionExists.c.o -c /usr/share/cmake-3.22/Modules/CheckFunctionExists.c
Linking C executable cmTC_07b60
/usr/bin/cmake -E cmake_link_script CMakeFiles/cmTC_07b60.dir/link.txt --verbose=1
/usr/bin/cc  -DCHECK_FUNCTION_EXISTS=shmat CMakeFiles/cmTC_07b60.dir/CheckFunctionExists.c.o -o cmTC_07b60 
gmake[1]: Leaving directory '/home/neovp/soft/geant4/geant4-v11.4.0/examples/basic/B11/build/CMakeFiles/CMakeTmp'



Determining if the function IceConnectionNumber exists in the ICE passed with the following output:
Change Dir: /home/neovp/soft/geant4/geant4-v11.4.0/examples/basic/B11/build/CMakeFiles/CMakeTmp

Run Build Command(s):/usr/bin/gmake -f Makefile cmTC_4f80d/fast && /usr/bin/gmake  -f CMakeFiles/cmTC_4f80d.dir/build.make CMakeFiles/cmTC_4f80d.dir/build
gmake[1]: Entering directory '/home/neovp/soft/geant4/geant4-v11.4.0/examples/basic/B11/build/CMakeFiles/CMakeTmp'
Building C object CMakeFiles/cmTC_4f80d.dir/CheckFunctionExists.c.o
/usr/bin/cc   -DCHECK_FUNCTION_EXISTS=IceConnectionNumber -o CMakeFiles/cmTC_4f80d.dir/CheckFunctionExists.c.o -c /usr/share/cmake-3.22/Modules/CheckFunctionExists.c
Linking C executable cmTC_4f80d
/usr/bin/cmake -E cmake_link_script CMakeFiles/cmTC_4f80d.dir/link.txt --verbose=1
/usr/bin/cc  -DCHECK_FUNCTION_EXISTS=IceConnectionNumber CMakeFiles/cmTC_4f80d.dir/CheckFunctionExists.c.o -o cmTC_4f80d  -lICE 
gmake[1]: Leaving directory '/home/neovp/soft/geant4/geant4-v11.4.0/examples/basic/B11/build/CMakeFiles/CMakeTmp'



Performing C++ SOURCE FILE Test HAVE_STDATOMIC succeeded with the following output:
Change Dir: /home/neovp/soft/geant4/geant4-v11.4.0/examples/basic/B11/build/CMakeFiles/CMakeTmp

Run Build Command(s):/usr/bin/gmake -f Makefile cmTC_83899/fast && /usr/bin/gmake  -f CMakeFiles/cmTC_83899.dir/build.make CMakeFiles/cmTC_83899.dir/build
gmake[1]: Entering directory '/home/neovp/soft/geant4/geant4-v11.4.0/examples/basic/B11/build/CMakeFiles/CMakeTmp'
Building CXX object CMakeFiles/cmTC_83899.dir/src.cxx.o
/usr/bin/c++ -DHAVE_STDATOMIC   -o CMakeFiles/cmTC_83899.dir/src.cxx.o -c /home/neovp/soft/geant4/geant4-v11.4.0/examples/basic/B11/build/CMakeFiles/CMakeTmp/src.cxx
Linking CXX executable cmTC_83899
/usr/bin/cmake -E cmake_link_script CMakeFiles/cmTC_83899.dir/link.txt --verbose=1
/usr/bin/c++ CMakeFiles/cmTC_83899.dir/src.cxx.o -o cmTC_83899 
gmake[1]: Leaving directory '/home/neovp/soft/geant4/geant4-v11.4.0/examples/basic/B11/build/CMakeFiles/CMakeTmp'


Source file was:
#include <atomic>
#include <cstdint>

void test(volatile std::atomic<std::int64_t> &a)
{
    std::int64_t v = a.load(std::memory_order_acquire);
    while (!a.compare_exchange_strong(v, v + 1,
                                      std::memory_order_acq_rel,
                                      std::memory_order_acquire)) {
        v = a.exchange(v - 1);
    }
    a.store(v + 1, std::memory_order_release);
}

int main(int, char **)
{
    void *ptr = (void*)0xffffffc0; // any random pointer
    test(*reinterpret_cast<std::atomic<std::int64_t> *>(ptr));
    return 0;
}
The system is: Linux - 6.8.0-90-generic - x86_64
Compiling the C compiler identification source file "CMakeCCompilerId.c" succeeded.
Compiler: /usr/bin/cc 
Build flags: 
Id flags:  

The output was:
0


Compilation of the C compiler identification source "CMakeCCompilerId.c" produced "a.out"

The C compiler identification is GNU, found in "/home/neovp/soft/geant4/geant4-v11.4.0/examples/basic/B11/build/CMakeFiles/3.22.1/CompilerIdC/a.out"

Compiling the CXX compiler identification source file "CMakeCXXCompilerId.cpp" succeeded.
Compiler: /usr/bin/c++ 
Build flags: 
Id flags:  

The output was:
0


Compilation of the CXX compiler identification source "CMakeCXXCompilerId.cpp" produced "a.out"

The CXX compiler identification is GNU, found in "/home/neovp/soft/geant4/geant4-v11.4.0/examples/basic/B11/build/CMakeFiles/3.22.1/CompilerIdCXX/a.out"

Detecting C compiler ABI info compiled with the following output:
Change Dir: /home/neovp/soft/geant4/geant4-v11.4.0/examples/basic/B11/build/CMakeFiles/CMakeTmp

Run Build Command(s):/usr/bin/gmake -f Makefile cmTC_0e120/fast && /usr/bin/gmake  -f CMakeFiles/cmTC_0e120.dir/build.make CMakeFiles/cmTC_0e120.dir/build
gmake[1]: Entering directory '/home/neovp/soft/geant4/geant4-v11.4.0/examples/basic/B11/build/CMakeFiles/CMakeTmp'
Building C object CMakeFiles/cmTC_0e120.dir/CMakeCCompilerABI.c.o
/usr/bin/cc   -v -o CMakeFiles/cmTC_0e120.dir/CMakeCCompilerABI.c.o -c /usr/share/cmake-3.22/Modules/CMakeCCompilerABI.c
Using built-in specs.
COLLECT_GCC=/usr/bin/cc
OFFLOAD_TARGET_NAMES=nvptx-none:amdgcn-amdhsa
OFFLOAD_TARGET_DEFAULT=1
Target: x86_64-linux-gnu
Configured with: ../src/configure -v --with-pkgversion='Ubuntu 11.4.0-1ubuntu1~22.04.2' --with-bugurl=file:///usr/share/doc/gcc-11/README.Bugs --enable-languages=c,ada,c++,go,brig,d,fortran,objc,obj-c++,m2 --prefix=/usr --with-gcc-major-version-only --program-suffix=-11 --program-prefix=x86_64-linux-gnu- --enable-shared --enable-linker-build-id --libexecdir=/usr/lib --without-included-gettext --enable-threads=posix --libdir=/usr/lib --enable-nls --enable-bootstrap --enable-clocale=gnu --enable-libstdcxx-debug --enable-libstdcxx-time=yes --with-default-libstdcxx-abi=new --enable-gnu-unique-object --disable-vtable-verify --enable-plugin --enable-default-pie --with-system-zlib --enable-libphobos-checking=release --with-target-system-zlib=auto --enable-objc-gc=auto --enable-multiarch --disable-werror --enable-cet --with-arch-32=i686 --with-abi=m64 --with-multilib-list=m32,m64,mx32 --enable-multilib --with-tune=generic --enable-offload-targets=nvptx-none=/build/gcc-11-2Y5pKs/gcc-11-11.4.0/debian/tmp-nvptx/usr,amdgcn-amdhsa=/build/gcc-11-2Y5pKs/gcc-11-11.4.0/debian/tmp-gcn/usr --without-cuda-driver --enable-checking=release --build=x86_64-linux-gnu --host=x86_64-linux-gnu --target=x86_64-linux-gnu --with-build-config=bootstrap-lto-lean --enable-link-serialization=2
Thread model: posix
Supported LTO compression algorithms: zlib zstd
gcc version 11.4.0 (Ubuntu 11.4.0-1ubuntu1~22.04.2) 
COLLECT_GCC_OPTIONS='-v' '-o' 'CMakeFiles/cmTC_0e120.dir/CMakeCCompilerABI.c.o' '-c' '-mtune=generic' '-march=x86-64' '-dumpdir' 'CMakeFiles/cmTC_0e120.dir/'
 /usr/lib/gcc/x86_64-linux-gnu/11/cc1 -quiet -v -imultiarch x86_64-linux-gnu /usr/share/cmake-3.22/Modules/CMakeCCompilerABI.c -quiet -dumpdir CMakeFiles/cmTC_0e120.dir/ -dumpbase CMakeCCompilerABI.c.c -dumpbase-ext .c -mtune=generic -march=x86-64 -version -fasynchronous-unwind-tables -fstack-protector-strong -Wformat -Wformat-security -fstack-clash-protection -fcf-protection -o /tmp/ccfGgmbq.s
GNU C17 (Ubuntu 11.4.0-1ubuntu1~22.04.2) version 11.4.0 (x86_64-linux-gnu)
	compiled by GNU C version 11.4.0, GMP version 6.2.1, MPFR version 4.1.0, MPC version 1.2.1, isl version isl-0.24-GMP

GGC heuristics: --param ggc-min-expand=100 --param ggc-min-heapsize=131072
ignoring nonexistent directory "/usr/local/include/x86_64-linux-gnu"
ignoring nonexistent directory "/usr/lib/gcc/x86_64-linux-gnu/11/include-fixed"
ignoring nonexistent directory "/usr/lib/gcc/x86_64-linux-gnu/11/../../../../x86_64-linux-gnu/include"
#include "..." search starts here:
#include <...> search starts here:
 /usr/lib/gcc/x86_64-linux-gnu/11/include
 /usr/local/include
 /usr/include/x86_64-linux-gnu
 /usr/include
End of search list.
GNU C17 (Ubuntu 11.4.0-1ubuntu1~22.04.2) version 11.4.0 (x86_64-linux-gnu)
	compiled by GNU C version 11.4.0, GMP version 6.2.1, MPFR version 4.1.0, MPC version 1.2.1, isl version isl-0.24-GMP

GGC heuristics: --param ggc-min-expand=100 --param ggc-min-heapsize=131072
Compiler executable checksum: 4011c2103cba78949d7e02d0f0047a3d
COLLECT_GCC_OPTIONS='-v' '-o' 'CMakeFiles/cmTC_0e120.dir/CMakeCCompilerABI.c.o' '-c' '-mtune=generic' '-march=x86-64' '-dumpdir' 'CMakeFiles/cmTC_0e120.dir/'
 as -v --64 -o CMakeFiles/cmTC_0e120.dir/CMakeCCompilerABI.c.o /tmp/ccfGgmbq.s
GNU assembler version 2.38 (x86_64-linux-gnu) using BFD version (GNU Binutils for Ubuntu) 2.38
COMPILER_PATH=/usr/lib/gcc/x86_64-linux-gnu/11/:/usr/lib/gcc/x86_64-linux-gnu/11/:/usr/lib/gcc/x86_64-linux-gnu/:/usr/lib/gcc/x86_64-linux-gnu/11/:/usr/lib/gcc/x86_64-linux-gnu/
LIBRARY_PATH=/usr/lib/gcc/x86_64-linux-gnu/11/:/usr/lib/gcc/x86_64-linux-gnu/11/../../../x86_64-linux-gnu/:/usr/lib/gcc/x86_64-linux-gnu/11/../../../../lib/:/lib/x86_64-linux-gnu/:/lib/../lib/:/usr/lib/x86_64-linux-gnu/:/usr/lib/../lib/:/usr/lib/gcc/x86_64-linux-gnu/11/../../../:/lib/:/usr/lib/
COLLECT_GCC_OPTIONS='-v' '-o' 'CMakeFiles/cmTC_0e120.dir/CMakeCCompilerABI.c.o' '-c' '-mtune=generic' '-march=x86-64' '-dumpdir' 'CMakeFiles/cmTC_0e120.dir/CMakeCCompilerABI.c.'
Linking C executable cmTC_0e120
/usr/bin/cmake -E cmake_link_script CMakeFiles/cmTC_0e120.dir/link.txt --verbose=1
/usr/bin/cc  -v CMakeFiles/cmTC_0e120.dir/CMakeCCompilerABI.c.o -o cmTC_0e120 
Using built-in specs.
COLLECT_GCC=/usr/bin/cc
COLLECT_LTO_WRAPPER=/usr/lib/gcc/x86_64-linux-gnu/11/lto-wrapper
OFFLOAD_TARGET_NAMES=nvptx-none:amdgcn-amdhsa
OFFLOAD_TARGET_DEFAULT=1
Target: x86_64-linux-gnu
Configured with: ../src/configure -v --with-pkgversion='Ubuntu 11.4.0-1ubuntu1~22.04.2' --with-bugurl=file:///usr/share/doc/gcc-11/README.Bugs --enable-languages=c,ada,c++,go,brig,d,fortran,objc,obj-c++,m2 --prefix=/usr --with-gcc-major-version-only --program-suffix=-11 --program-prefix=x86_64-linux-gnu- --enable-shared --enable-linker-build-id --libexecdir=/usr/lib --without-included-gettext --enable-threads=posix --libdir=/usr/lib --enable-nls --enable-bootstrap --enable-clocale=gnu --enable-libstdcxx-debug --enable-libstdcxx-time=yes --with-default-libstdcxx-abi=new --enable-gnu-unique-object --disable-vtable-verify --enable-plugin --enable-default-pie --with-system-zlib --enable-libphobos-checking=release --with-target-system-zlib=auto --enable-objc-gc=auto --enable-multiarch --disable-werror --enable-cet --with-arch-32=i686 --with-abi=m64 --with-multilib-list=m32,m64,mx32 --enable-multilib --with-tune=generic --enable-offload-targets=nvptx-none=/build/gcc-11-2Y5pKs/gcc-11-11.4.0/debian/tmp-nvptx/usr,amdgcn-amdhsa=/build/gcc-11-2Y5pKs/gcc-11-11.4.0/debian/tmp-gcn/usr --without-cuda-driver --enable-checking=release --build=x86_64-linux-gnu --host=x86_64-linux-gnu --target=x86_64-linux-gnu --with-build-config=bootstrap-lto-lean --enable-link-serialization=2
Thread model: posix
Supported LTO compression algorithms: zlib zstd
gcc version 11.4.0 (Ubuntu 11.4.0-1ubuntu1~22.04.2) 
COMPILER_PATH=/usr/lib/gcc/x86_64-linux-gnu/11/:/usr/lib/gcc/x86_64-linux-gnu/11/:/usr/lib/gcc/x86_64-linux-gnu/:/usr/lib/gcc/x86_64-linux-gnu/11/:/usr/lib/gcc/x86_64-linux-gnu/
LIBRARY_PATH=/usr/lib/gcc/x86_64-linux-gnu/11/:/usr/lib/gcc/x86_64-linux-gnu/11/../../../x86_64-linux-gnu/:/usr/lib/gcc/x86_64-linux-gnu/11/../../../../lib/:/lib/x86_64-linux-gnu/:/lib/../lib/:/usr/lib/x86_64-linux-gnu/:/usr/lib/../lib/:/usr/lib/gcc/x86_64-linux-gnu/11/../../../:/lib/:/usr/lib/
COLLECT_GCC_OPTIONS='-v' '-o' 'cmTC_0e120' '-mtune=generic' '-march=x86-64' '-dumpdir' 'cmTC_0e120.'
 /usr/lib/gcc/x86_64-linux-gnu/11/collect2 -plugin /usr/lib/gcc/x86_64-linux-gnu/11/liblto_plugin.so -plugin-opt=/usr/lib/gcc/x86_64-linux-gnu/11/lto-wrapper -plugin-opt=-fresolution=/tmp/ccJJm8Bf.res -plugin-opt=-pass-through=-lgcc -plugin-opt=-pass-through=-lgcc_s -plugin-opt=-pass-through=-lc -plugin-opt=-pass-through=-lgcc -plugin-opt=-pass-through=-lgcc_s --build-id --eh-frame-hdr -m elf_x86_64 --hash-style=gnu --as-needed -dynamic-linker /lib64/ld-linux-x86-64.so.2 -pie -z now -z relro -o cmTC_0e120 /usr/lib/gcc/x86_64-linux-gnu/11/../../../x86_64-linux-gnu/Scrt1.o /usr/lib/gcc/x86_64-linux-gnu/11/../../../x86_64-linux-gnu/crti.o /usr/lib/gcc/x86_64-linux-gnu/11/crtbeginS.o -L/usr/lib/gcc/x86_64-linux-gnu/11 -L/usr/lib/gcc/x86_64-linux-gnu/11/../../../x86_64-linux-gnu -L/usr/lib/gcc/x86_64-linux-gnu/11/../../../../lib -L/lib/x86_64-linux-gnu -L/lib/../lib -L/usr/lib/x86_64-linux-gnu -L/usr/lib/../lib -L/usr/lib/gcc/x86_64-linux-gnu/11/../../.. CMakeFiles/cmTC_0e120.dir/CMakeCCompilerABI.c.o -lgcc --push-state --as-needed -lgcc_s --pop-state -lc -lgcc --push-state --as-needed -lgcc_s --pop-state /usr/lib/gcc/x86_64-linux-gnu/11/crtendS.o /usr/lib/gcc/x86_64-linux-gnu/11/../../../x86_64-linux-gnu/crtn.o
COLLECT_GCC_OPTIONS='-v' '-o' 'cmTC_0e120' '-mtune=generic' '-march=x86-64' '-dumpdir' 'cmTC_0e120.'
gmake[1]: Leaving directory '/home/neovp/soft/geant4/geant4-v11.4.0/examples/basic/B11/build/CMakeFiles/CMakeTmp'



Parsed C implicit include dir info from above output: rv=done
  found start of include info
  found start of implicit include info
    add: [/usr/lib/gcc/x86_64-linux-gnu/11/include]
    add: [/usr/local/include]
    add: [/usr/include/x86_64-linux-gnu]
    add: [/usr/include]
  end of search list found
  collapse include dir [/usr/lib/gcc/x86_64-linux-gnu/11/include] ==> [/usr/lib/gcc/x86_64-linux-gnu/11/include]
  collapse include dir [/usr/local/include] ==> [/usr/local/include]
  collapse include dir [/usr/include/x86_64-linux-gnu] ==> [/usr/include/x86_64-linux-gnu]
  collapse include dir [/usr/include] ==> [/usr/include]
  implicit include dirs: [/usr/lib/gcc/x86_64-linux-gnu/11/include;/usr/local/include;/usr/include/x86_64-linux-gnu;/usr/include]


Parsed C implicit link information from above output:
  link line regex: [^( *|.*[/\])(ld|CMAKE_LINK_STARTFILE-NOTFOUND|([^/\]+-)?ld|collect2)[^/\]*( |$)]
  ignore line: [Change Dir: /home/neovp/soft/geant4/geant4-v11.4.0/examples/basic/B11/build/CMakeFiles/CMakeTmp]
  ignore line: []
  ignore line: [Run Build Command(s):/usr/bin/gmake -f Makefile cmTC_0e120/fast && /usr/bin/gmake  -f CMakeFiles/cmTC_0e120.dir/build.make CMakeFiles/cmTC_0e120.dir/build]
  ignore line: [gmake[1]: Entering directory '/home/neovp/soft/geant4/geant4-v11.4.0/examples/basic/B11/build/CMakeFiles/CMakeTmp']
  ignore line: [Building C object CMakeFiles/cmTC_0e120.dir/CMakeCCompilerABI.c.o]
  ignore line: [/usr/bin/cc   -v -o CMakeFiles/cmTC_0e120.dir/CMakeCCompilerABI.c.o -c /usr/share/cmake-3.22/Modules/CMakeCCompilerABI.c]
  ignore line: [Using built-in specs.]
  ignore line: [COLLECT_GCC=/usr/bin/cc]
  ignore line: [OFFLOAD_TARGET_NAMES=nvptx-none:amdgcn-amdhsa]
  ignore line: [OFFLOAD_TARGET_DEFAULT=1]
  ignore line: [Target: x86_64-linux-gnu]
  ignore line: [Configured with: ../src/configure -v --with-pkgversion='Ubuntu 11.4.0-1ubuntu1~22.04.2' --with-bugurl=file:///usr/share/doc/gcc-11/README.Bugs --enable-languages=c ada c++ go brig d fortran objc obj-c++ m2 --prefix=/usr --with-gcc-major-version-only --program-suffix=-11 --program-prefix=x86_64-linux-gnu- --enable-shared --enable-linker-build-id --libexecdir=/usr/lib --without-included-gettext --enable-threads=posix --libdir=/usr/lib --enable-nls --enable-bootstrap --enable-clocale=gnu --enable-libstdcxx-debug --enable-libstdcxx-time=yes --with-default-libstdcxx-abi=new --enable-gnu-unique-object --disable-vtable-verify --enable-plugin --enable-default-pie --with-system-zlib --enable-libphobos-checking=release --with-target-system-zlib=auto --enable-objc-gc=auto --enable-multiarch --disable-werror --enable-cet --with-arch-32=i686 --with-abi=m64 --with-multilib-list=m32 m64 mx32 --enable-multilib --with-tune=generic --enable-offload-targets=nvptx-none=/build/gcc-11-2Y5pKs/gcc-11-11.4.0/debian/tmp-nvptx/usr amdgcn-amdhsa=/build/gcc-11-2Y5pKs/gcc-11-11.4.0/debian/tmp-gcn/usr --without-cuda-driver --enable-checking=release --build=x86_64-linux-gnu --host=x86_64-linux-gnu --target=x86_64-linux-gnu --with-build-config=bootstrap-lto-lean --enable-link-serialization=2]
  ignore line: [Thread model: posix]
  ignore line: [Supported LTO compression algorithms: zlib zstd]
  ignore line: [gcc version 11.4.0 (Ubuntu 11.4.0-1ubuntu1~22.04.2) ]
  ignore line: [COLLECT_GCC_OPTIONS='-v' '-o' 'CMakeFiles/cmTC_0e120.dir/CMakeCCompilerABI.c.o' '-c' '-mtune=generic' '-march=x86-64' '-dumpdir' 'CMakeFiles/cmTC_0e120.dir/']
  ignore line: [ /usr/lib/gcc/x86_64-linux-gnu/11/cc1 -quiet -v -imultiarch x86_64-linux-gnu /usr/share/cmake-3.22/Modules/CMakeCCompilerABI.c -quiet -dumpdir CMakeFiles/cmTC_0e120.dir/ -dumpbase CMakeCCompilerABI.c.c -dumpbase-ext .c -mtune=generic -march=x86-64 -version -fasynchronous-unwind-tables -fstack-protector-strong -Wformat -Wformat-security -fstack-clash-protection -fcf-protection -o /tmp/ccfGgmbq.s]
  ignore line: [GNU C17 (Ubuntu 11.4.0-1ubuntu1~22.04.2) version 11.4.0 (x86_64-linux-gnu)]
  ignore line: [	compiled by GNU C version 11.4.0  GMP version 6.2.1  MPFR version 4.1.0  MPC version 1.2.1  isl version isl-0.24-GMP]
  ignore line: []
  ignore line: [GGC heuristics: --param ggc-min-expand=100 --param ggc-min-heapsize=131072]
  ignore line: [ignoring nonexistent directory "/usr/local/include/x86_64-linux-gnu"]
  ignore line: [ignoring nonexistent directory "/usr/lib/gcc/x86_64-linux-gnu/11/include-fixed"]
  ignore line: [ignoring nonexistent directory "/usr/lib/gcc/x86_64-linux-gnu/11/../../../../x86_64-linux-gnu/include"]
  ignore line: [#include "..." search starts here:]
  ignore line: [#include <...> search starts here:]
  ignore line: [ /usr/lib/gcc/x86_64-linux-gnu/11/include]
  ignore line: [ /usr/local/include]
  ignore line: [ /usr/include/x86_64-linux-gnu]
  ignore line: [ /usr/include]
  ignore line: [End of search list.]
  ignore line: [GNU C17 (Ubuntu 11.4.0-1ubuntu1~22.04.2) version 11.4.0 (x86_64-linux-gnu)]
  ignore line: [	compiled by GNU C version 11.4.0  GMP version 6.2.1  MPFR version 4.1.0  MPC version 1.2.1  isl version isl-0.24-GMP]
  ignore line: []
  ignore line: [GGC heuristics: --param ggc-min-expand=100 --param ggc-min-heapsize=131072]
  ignore line: [Compiler executable checksum: 4011c2103cba78949d7e02d0f0047a3d]
  ignore line: [COLLECT_GCC_OPTIONS='-v' '-o' 'CMakeFiles/cmTC_0e120.dir/CMakeCCompilerABI.c.o' '-c' '-mtune=generic' '-march=x86-64' '-dumpdir' 'CMakeFiles/cmTC_0e120.dir/']
  ignore line: [ as -v --64 -o CMakeFiles/cmTC_0e120.dir/CMakeCCompilerABI.c.o /tmp/ccfGgmbq.s]
  ignore line: [GNU assembler version 2.38 (x86_64-linux-gnu) using BFD version (GNU Binutils for Ubuntu) 2.38]
  ignore line: [COMPILER_PATH=/usr/lib/gcc/x86_64-linux-gnu/11/:/usr/lib/gcc/x86_64-linux-gnu/11/:/usr/lib/gcc/x86_64-linux-gnu/:/usr/lib/gcc/x86_64-linux-gnu/11/:/usr/lib/gcc/x86_64-linux-gnu/]
  ignore line: [LIBRARY_PATH=/usr/lib/gcc/x86_64-linux-gnu/11/:/usr/lib/gcc/x86_64-linux-gnu/11/../../../x86_64-linux-gnu/:/usr/lib/gcc/x86_64-linux-gnu/11/../../../../lib/:/lib/x86_64-linux-gnu/:/lib/../lib/:/usr/lib/x86_64-linux-gnu/:/usr/lib/../lib/:/usr/lib/gcc/x86_64-linux-gnu/11/../../../:/lib/:/usr/lib/]
  ignore line: [COLLECT_GCC_OPTIONS='-v' '-o' 'CMakeFiles/cmTC_0e120.dir/CMakeCCompilerABI.c.o' '-c' '-mtune=generic' '-march=x86-64' '-dumpdir' 'CMakeFiles/cmTC_0e120.dir/CMakeCCompilerABI.c.']
  ignore line: [Linking C executable cmTC_0e120]
  ignore line: [/usr/bin/cmake -E cmake_link_script CMakeFiles/cmTC_0e120.dir/link.txt --verbose=1]
  ignore line: [/usr/bin/cc  -v CMakeFiles/cmTC_0e120.dir/CMakeCCompilerABI.c.o -o cmTC_0e120 ]
  ignore line: [Using built-in specs.]
  ignore line: [COLLECT_GCC=/usr/bin/cc]
  ignore line: [COLLECT_LTO_WRAPPER=/usr/lib/gcc/x86_64-linux-gnu/11/lto-wrapper]
  ignore line: [OFFLOAD_TARGET_NAMES=nvptx-none:amdgcn-amdhsa]
  ignore line: [OFFLOAD_TARGET_DEFAULT=1]
  ignore line: [Target: x86_64-linux-gnu]
  ignore line: [Configured with: ../src/configure -v --with-pkgversion='Ubuntu 11.4.0-1ubuntu1~22.04.2' --with-bugurl=file:///usr/share/doc/gcc-11/README.Bugs --enable-languages=c ada c++ go brig d fortran objc obj-c++ m2 --prefix=/usr --with-gcc-major-version-only --program-suffix=-11 --program-prefix=x86_64-linux-gnu- --enable-shared --enable-linker-build-id --libexecdir=/usr/lib --without-included-gettext --enable-threads=posix --libdir=/usr/lib --enable-nls --enable-bootstrap --enable-clocale=gnu --enable-libstdcxx-debug --enable-libstdcxx-time=yes --with-default-libstdcxx-abi=new --enable-gnu-unique-object --disable-vtable-verify --enable-plugin --enable-default-pie --with-system-zlib --enable-libphobos-checking=release --with-target-system-zlib=auto --enable-objc-gc=auto --enable-multiarch --disable-werror --enable-cet --with-arch-32=i686 --with-abi=m64 --with-multilib-list=m32 m64 mx32 --enable-multilib --with-tune=generic --enable-offload-targets=nvptx-none=/build/gcc-11-2Y5pKs/gcc-11-11.4.0/debian/tmp-nvptx/usr amdgcn-amdhsa=/build/gcc-11-2Y5pKs/gcc-11-11.4.0/debian/tmp-gcn/usr --without-cuda-driver --enable-checking=release --build=x86_64-linux-gnu --host=x86_64-linux-gnu --target=x86_64-linux-gnu --with-build-config=bootstrap-lto-lean --enable-link-serialization=2]
  ignore line: [Thread model: posix]
  ignore line: [Supported LTO compression algorithms: zlib zstd]
  ignore line: [gcc version 11.4.0 (Ubuntu 11.4.0-1ubuntu1~22.04.2) ]
  ignore line: [COMPILER_PATH=/usr/lib/gcc/x86_64-linux-gnu/11/:/usr/lib/gcc/x86_64-linux-gnu/11/:/usr/lib/gcc/x86_64-linux-gnu/:/usr/lib/gcc/x86_64-linux-gnu/11/:/usr/lib/gcc/x86_64-linux-gnu/]
  ignore line: [LIBRARY_PATH=/usr/lib/gcc/x86_64-linux-gnu/11/:/usr/lib/gcc/x86_64-linux-gnu/11/../../../x86_64-linux-gnu/:/usr/lib/gcc/x86_64-linux-gnu/11/../../../../lib/:/lib/x86_64-linux-gnu/:/lib/../lib/:/usr/lib/x86_64-linux-gnu/:/usr/lib/../lib/:/usr/lib/gcc/x86_64-linux-gnu/11/../../../:/lib/:/usr/lib/]
  ignore line: [COLLECT_GCC_OPTIONS='-v' '-o' 'cmTC_0e120' '-mtune=generic' '-march=x86-64' '-dumpdir' 'cmTC_0e120.']
  link line: [ /usr/lib/gcc/x86_64-linux-gnu/11/collect2 -plugin /usr/lib/gcc/x86_64-linux-gnu/11/liblto_plugin.so -plugin-opt=/usr/lib/gcc/x86_64-linux-gnu/11/lto-wrapper -plugin-opt=-fresolution=/tmp/ccJJm8Bf.res -plugin-opt=-pass-through=-lgcc -plugin-opt=-pass-through=-lgcc_s -plugin-opt=-pass-through=-lc -plugin-opt=-pass-through=-lgcc -plugin-opt=-pass-through=-lgcc_s --build-id --eh-frame-hdr -m elf_x86_64 --hash-style=gnu --as-needed -dynamic-linker /lib64/ld-linux-x86-64.so.2 -pie -z now -z relro -o cmTC_0e120 /usr/lib/gcc/x86_64-linux-gnu/11/../../../x86_64-linux-gnu/Scrt1.o /usr/lib/gcc/x86_64-linux-gnu/11/../../../x86_64-linux-gnu/crti.o /usr/lib/gcc/x86_64-linux-gnu/11/crtbeginS.o -L/usr/lib/gcc/x86_64-linux-gnu/11 -L/usr/lib/gcc/x86_64-linux-gnu/11/../../../x86_64-linux-gnu -L/usr/lib/gcc/x86_64-linux-gnu/11/../../../../lib -L/lib/x86_64-linux-gnu -L/lib/../lib -L/usr/lib/x86_64-linux-gnu -L/usr/lib/../lib -L/usr/lib/gcc/x86_64-linux-gnu/11/../../.. CMakeFiles/cmTC_0e120.dir/CMakeCCompilerABI.c.o -lgcc --push-state --as-needed -lgcc_s --pop-state -lc -lgcc --push-state --as-needed -lgcc_s --pop-state /usr/lib/gcc/x86_64-linux-gnu/11/crtendS.o /usr/lib/gcc/x86_64-linux-gnu/11/../../../x86_64-linux-gnu/crtn.o]
    arg [/usr/lib/gcc/x86_64-linux-gnu/11/collect2] ==> ignore
    arg [-plugin] ==> ignore
    arg [/usr/lib/gcc/x86_64-linux-gnu/11/liblto_plugin.so] ==> ignore
    arg [-plugin-opt=/usr/lib/gcc/x86_64-linux-gnu/11/lto-wrapper] ==> ignore
    arg [-plugin-opt=-fresolution=/tmp/ccJJm8Bf.res] ==> ignore
    arg [-plugin-opt=-pass-through=-lgcc] ==> ignore
    arg [-plugin-opt=-pass-through=-lgcc_s] ==> ignore
    arg [-plugin-opt=-pass-through=-lc] ==> ignore
    arg [-plugin-opt=-pass-through=-lgcc] ==> ignore
    arg [-plugin-opt=-pass-through=-lgcc_s] ==> ignore
    arg [--build-id] ==> ignore
    arg [--eh-frame-hdr] ==> ignore
    arg [-m] ==> ignore
    arg [elf_x86_64] ==> ignore
    arg [--hash-style=gnu] ==> ignore
    arg [--as-needed] ==> ignore
    arg [-dynamic-linker] ==> ignore
    arg [/lib64/ld-linux-x86-64.so.2] ==> ignore
    arg [-pie] ==> ignore
    arg [-znow] ==> ignore
    arg [-zrelro] ==> ignore
    arg [-o] ==> ignore
    arg [cmTC_0e120] ==> ignore
    arg [/usr/lib/gcc/x86_64-linux-gnu/11/../../../x86_64-linux-gnu/Scrt1.o] ==> obj [/usr/lib/gcc/x86_64-linux-gnu/11/../../../x86_64-linux-gnu/Scrt1.o]
    arg [/usr/lib/gcc/x86_64-linux-gnu/11/../../../x86_64-linux-gnu/crti.o] ==> obj [/usr/lib/gcc/x86_64-linux-gnu/11/../../../x86_64-linux-gnu/crti.o]
    arg [/usr/lib/gcc/x86_64-linux-gnu/11/crtbeginS.o] ==> obj [/usr/lib/gcc/x86_64-linux-gnu/11/crtbeginS.o]
    arg [-L/usr/lib/gcc/x86_64-linux-gnu/11] ==> dir [/usr/lib/gcc/x86_64-linux-gnu/11]
    arg [-L/usr/lib/gcc/x86_64-linux-gnu/11/../../../x86_64-linux-gnu] ==> dir [/usr/lib/gcc/x86_64-linux-gnu/11/../../../x86_64-linux-gnu]
    arg [-L/usr/lib/gcc/x86_64-linux-gnu/11/../../../../lib] ==> dir [/usr/lib/gcc/x86_64-linux-gnu/11/../../../../lib]
    arg [-L/lib/x86_64-linux-gnu] ==> dir [/lib/x86_64-linux-gnu]
    arg [-L/lib/../lib] ==> dir [/lib/../lib]
    arg [-L/usr/lib/x86_64-linux-gnu] ==> dir [/usr/lib/x86_64-linux-gnu]
    arg [-L/usr/lib/../lib] ==> dir [/usr/lib/../lib]
    arg [-L/usr/lib/gcc/x86_64-linux-gnu/11/../../..] ==> dir [/usr/lib/gcc/x86_64-linux-gnu/11/../../..]
    arg [CMakeFiles/cmTC_0e120.dir/CMakeCCompilerABI.c.o] ==> ignore
    arg [-lgcc] ==> lib [gcc]
    arg [--push-state] ==> ignore
    arg [--as-needed] ==> ignore
    arg [-lgcc_s] ==> lib [gcc_s]
    arg [--pop-state] ==> ignore
    arg [-lc] ==> lib [c]
    arg [-lgcc] ==> lib [gcc]
    arg [--push-state] ==> ignore
    arg [--as-needed] ==> ignore
    arg [-lgcc_s] ==> lib [gcc_s]
    arg [--pop-state] ==> ignore
    arg [/usr/lib/gcc/x86_64-linux-gnu/11/crtendS.o] ==> obj [/usr/lib/gcc/x86_64-linux-gnu/11/crtendS.o]
    arg [/usr/lib/gcc/x86_64-linux-gnu/11/../../../x86_64-linux-gnu/crtn.o] ==> obj [/usr/lib/gcc/x86_64-linux-gnu/11/../../../x86_64-linux-gnu/crtn.o]
  collapse obj [/usr/lib/gcc/x86_64-linux-gnu/11/../../../x86_64-linux-gnu/Scrt1.o] ==> [/usr/lib/x86_64-linux-gnu/Scrt1.o]
  collapse obj [/usr/lib/gcc/x86_64-linux-gnu/11/../../../x86_64-linux-gnu/crti.o] ==> [/usr/lib/x86_64-linux-gnu/crti.o]
  collapse obj [/usr/lib/gcc/x86_64-linux-gnu/11/../../../x86_64-linux-gnu/crtn.o] ==> [/usr/lib/x86_64-linux-gnu/crtn.o]
  collapse library dir [/usr/lib/gcc/x86_64-linux-gnu/11] ==> [/usr/lib/gcc/x86_64-linux-gnu/11]
  collapse library dir [/usr/lib/gcc/x86_64-linux-gnu/11/../../../x86_64-linux-gnu] ==> [/usr/lib/x86_64-linux-gnu]
  collapse library dir [/usr/lib/gcc/x86_64-linux-gnu/11/../../../../lib] ==> [/usr/lib]
  collapse library dir [/lib/x86_64-linux-gnu] ==> [/lib/x86_64-linux-gnu]
  collapse library dir [/lib/../lib] ==> [/lib]
  collapse library dir [/usr/lib/x86_64-linux-gnu] ==> [/usr/lib/x86_64-linux-gnu]
  collapse library dir [/usr/lib/../lib] ==> [/usr/lib]
  collapse library dir [/usr/lib/gcc/x86_64-linux-gnu/11/../../..] ==> [/usr/lib]
  implicit libs: [gcc;gcc_s;c;gcc;gcc_s]
  implicit objs: [/usr/lib/x86_64-linux-gnu/Scrt1.o;/usr/lib/x86_64-linux-gnu/crti.o;/usr/lib/gcc/x86_64-linux-gnu/11/crtbeginS.o;/usr/lib/gcc/x86_64-linux-gnu/11/crtendS.o;/usr/lib/x86_64-linux-gnu/crtn.o]
  implicit dirs: [/usr/lib/gcc/x86_64-linux-gnu/11;/usr/lib/x86_64-linux-gnu;/usr/lib;/lib/x86_64-linux-gnu;/lib]
  implicit fwks: []


Detecting CXX compiler ABI info compiled with the following output:
Change Dir: /home/neovp/soft/geant4/geant4-v11.4.0/examples/basic/B11/build/CMakeFiles/CMakeTmp

Run Build Command(s):/usr/bin/gmake -f Makefile cmTC_ac115/fast && /usr/bin/gmake  -f CMakeFiles/cmTC_ac115.dir/build.make CMakeFiles/cmTC_ac115.dir/build
gmake[1]: Entering directory '/home/neovp/soft/geant4/geant4-v11.4.0/examples/basic/B11/build/CMakeFiles/CMakeTmp'
Building CXX object CMakeFiles/cmTC_ac115.dir/CMakeCXXCompilerABI.cpp.o
/usr/bin/c++   -v -o CMakeFiles/cmTC_ac115.dir/CMakeCXXCompilerABI.cpp.o -c /usr/share/cmake-3.22/Modules/CMakeCXXCompilerABI.cpp
Using built-in specs.
COLLECT_GCC=/usr/bin/c++
OFFLOAD_TARGET_NAMES=nvptx-none:amdgcn-amdhsa
OFFLOAD_TARGET_DEFAULT=1
Target: x86_64-linux-gnu
Configured with: ../src/configure -v --with-pkgversion='Ubuntu 11.4.0-1ubuntu1~22.04.2' --with-bugurl=file:///usr/share/doc/gcc-11/README.Bugs --enable-languages=c,ada,c++,go,brig,d,fortran,objc,obj-c++,m2 --prefix=/usr --with-gcc-major-version-only --program-suffix=-11 --program-prefix=x86_64-linux-gnu- --enable-shared --enable-linker-build-id --libexecdir=/usr/lib --without-included-gettext --enable-threads=posix --libdir=/usr/lib --enable-nls --enable-bootstrap --enable-clocale=gnu --enable-libstdcxx-debug --enable-libstdcxx-time=yes --with-default-libstdcxx-abi=new --enable-gnu-unique-object --disable-vtable-verify --enable-plugin --enable-default-pie --with-system-zlib --enable-libphobos-checking=release --with-target-system-zlib=auto --enable-objc-gc=auto --enable-multiarch --disable-werror --enable-cet --with-arch-32=i686 --with-abi=m64 --with-multilib-list=m32,m64,mx32 --enable-multilib --with-tune=generic --enable-offload-targets=nvptx-none=/build/gcc-11-2Y5pKs/gcc-11-11.4.0/debian/tmp-nvptx/usr,amdgcn-amdhsa=/build/gcc-11-2Y5pKs/gcc-11-11.4.0/debian/tmp-gcn/usr --without-cuda-driver --enable-checking=release --build=x86_64-linux-gnu --host=x86_64-linux-gnu --target=x86_64-linux-gnu --with-build-config=bootstrap-lto-lean --enable-link-serialization=2
Thread model: posix
Supported LTO compression algorithms: zlib zstd
gcc version 11.4.0 (Ubuntu 11.4.0-1ubuntu1~22.04.2) 
COLLECT_GCC_OPTIONS='-v' '-o' 'CMakeFiles/cmTC_ac115.dir/CMakeCXXCompilerABI.cpp.o' '-c' '-shared-libgcc' '-mtune=generic' '-march=x86-64' '-dumpdir' 'CMakeFiles/cmTC_ac115.dir/'
 /usr/lib/gcc/x86_64-linux-gnu/11/cc1plus -quiet -v -imultiarch x86_64-linux-gnu -D_GNU_SOURCE /usr/share/cmake-3.22/Modules/CMakeCXXCompilerABI.cpp -quiet -dumpdir CMakeFiles/cmTC_ac115.dir/ -dumpbase CMakeCXXCompilerABI.cpp.cpp -dumpbase-ext .cpp -mtune=generic -march=x86-64 -version -fasynchronous-unwind-tables -fstack-protector-strong -Wformat -Wformat-security -fstack-clash-protection -fcf-protection -o /tmp/ccwppMje.s
GNU C++17 (Ubuntu 11.4.0-1ubuntu1~22.04.2) version 11.4.0 (x86_64-linux-gnu)
	compiled by GNU C version 11.4.0, GMP version 6.2.1, MPFR version 4.1.0, MPC version 1.2.1, isl version isl-0.24-GMP

GGC heuristics: --param ggc-min-expand=100 --param ggc-min-heapsize=131072
ignoring duplicate directory "/usr/include/x86_64-linux-gnu/c++/11"
ignoring nonexistent directory "/usr/local/include/x86_64-linux-gnu"
ignoring nonexistent directory "/usr/lib/gcc/x86_64-linux-gnu/11/include-fixed"
ignoring nonexistent directory "/usr/lib/gcc/x86_64-linux-gnu/11/../../../../x86_64-linux-gnu/include"
#include "..." search starts here:
#include <...> search starts here:
 /usr/include/c++/11
 /usr/include/x86_64-linux-gnu/c++/11
 /usr/include/c++/11/backward
 /usr/lib/gcc/x86_64-linux-gnu/11/include
 /usr/local/include
 /usr/include/x86_64-linux-gnu
 /usr/include
End of search list.
GNU C++17 (Ubuntu 11.4.0-1ubuntu1~22.04.2) version 11.4.0 (x86_64-linux-gnu)
	compiled by GNU C version 11.4.0, GMP version 6.2.1, MPFR version 4.1.0, MPC version 1.2.1, isl version isl-0.24-GMP

GGC heuristics: --param ggc-min-expand=100 --param ggc-min-heapsize=131072
Compiler executable checksum: 6c87588fc345655b93b8c25f48f88886
COLLECT_GCC_OPTIONS='-v' '-o' 'CMakeFiles/cmTC_ac115.dir/CMakeCXXCompilerABI.cpp.o' '-c' '-shared-libgcc' '-mtune=generic' '-march=x86-64' '-dumpdir' 'CMakeFiles/cmTC_ac115.dir/'
 as -v --64 -o CMakeFiles/cmTC_ac115.dir/CMakeCXXCompilerABI.cpp.o /tmp/ccwppMje.s
GNU assembler version 2.38 (x86_64-linux-gnu) using BFD version (GNU Binutils for Ubuntu) 2.38
COMPILER_PATH=/usr/lib/gcc/x86_64-linux-gnu/11/:/usr/lib/gcc/x86_64-linux-gnu/11/:/usr/lib/gcc/x86_64-linux-gnu/:/usr/lib/gcc/x86_64-linux-gnu/11/:/usr/lib/gcc/x86_64-linux-gnu/
LIBRARY_PATH=/usr/lib/gcc/x86_64-linux-gnu/11/:/usr/lib/gcc/x86_64-linux-gnu/11/../../../x86_64-linux-gnu/:/usr/lib/gcc/x86_64-linux-gnu/11/../../../../lib/:/lib/x86_64-linux-gnu/:/lib/../lib/:/usr/lib/x86_64-linux-gnu/:/usr/lib/../lib/:/usr/lib/gcc/x86_64-linux-gnu/11/../../../:/lib/:/usr/lib/
COLLECT_GCC_OPTIONS='-v' '-o' 'CMakeFiles/cmTC_ac115.dir/CMakeCXXCompilerABI.cpp.o' '-c' '-shared-libgcc' '-mtune=generic' '-march=x86-64' '-dumpdir' 'CMakeFiles/cmTC_ac115.dir/CMakeCXXCompilerABI.cpp.'
Linking CXX executable cmTC_ac115
/usr/bin/cmake -E cmake_link_script CMakeFiles/cmTC_ac115.dir/link.txt --verbose=1
/usr/bin/c++  -v CMakeFiles/cmTC_ac115.dir/CMakeCXXCompilerABI.cpp.o -o cmTC_ac115 
Using built-in specs.
COLLECT_GCC=/usr/bin/c++
COLLECT_LTO_WRAPPER=/usr/lib/gcc/x86_64-linux-gnu/11/lto-wrapper
OFFLOAD_TARGET_NAMES=nvptx-none:amdgcn-amdhsa
OFFLOAD_TARGET_DEFAULT=1
Target: x86_64-linux-gnu
Configured with: ../src/configure -v --with-pkgversion='Ubuntu 11.4.0-1ubuntu1~22.04.2' --with-bugurl=file:///usr/share/doc/gcc-11/README.Bugs --enable-languages=c,ada,c++,go,brig,d,fortran,objc,obj-c++,m2 --prefix=/usr --with-gcc-major-version-only --program-suffix=-11 --program-prefix=x86_64-linux-gnu- --enable-shared --enable-linker-build-id --libexecdir=/usr/lib --without-included-gettext --enable-threads=posix --libdir=/usr/lib --enable-nls --enable-bootstrap --enable-clocale=gnu --enable-libstdcxx-debug --enable-libstdcxx-time=yes --with-default-libstdcxx-abi=new --enable-gnu-unique-object --disable-vtable-verify --enable-plugin --enable-default-pie --with-system-zlib --enable-libphobos-checking=release --with-target-system-zlib=auto --enable-objc-gc=auto --enable-multiarch --disable-werror --enable-cet --with-arch-32=i686 --with-abi=m64 --with-multilib-list=m32,m64,mx32 --enable-multilib --with-tune=generic --enable-offload-targets=nvptx-none=/build/gcc-11-2Y5pKs/gcc-11-11.4.0/debian/tmp-nvptx/usr,amdgcn-amdhsa=/build/gcc-11-2Y5pKs/gcc-11-11.4.0/debian/tmp-gcn/usr --without-cuda-driver --enable-checking=release --build=x86_64-linux-gnu --host=x86_64-linux-gnu --target=x86_64-linux-gnu --with-build-config=bootstrap-lto-lean --enable-link-serialization=2
Thread model: posix
Supported LTO compression algorithms: zlib zstd
gcc version 11.4.0 (Ubuntu 11.4.0-1ubuntu1~22.04.2) 
COMPILER_PATH=/usr/lib/gcc/x86_64-linux-gnu/11/:/usr/lib/gcc/x86_64-linux-gnu/11/:/usr/lib/gcc/x86_64-linux-gnu/:/usr/lib/gcc/x86_64-linux-gnu/11/:/usr/lib/gcc/x86_64-linux-gnu/
LIBRARY_PATH=/usr/lib/gcc/x86_64-linux-gnu/11/:/usr/lib/gcc/x86_64-linux-gnu/11/../../../x86_64-linux-gnu/:/usr/lib/gcc/x86_64-linux-gnu/11/../../../../lib/:/lib/x86_64-linux-gnu/:/lib/../lib/:/usr/lib/x86_64-linux-gnu/:/usr/lib/../lib/:/usr/lib/gcc/x86_64-linux-gnu/11/../../../:/lib/:/usr/lib/
COLLECT_GCC_OPTIONS='-v' '-o' 'cmTC_ac115' '-shared-libgcc' '-mtune=generic' '-march=x86-64' '-dumpdir' 'cmTC_ac115.'
 /usr/lib/gcc/x86_64-linux-gnu/11/collect2 -plugin /usr/lib/gcc/x86_64-linux-gnu/11/liblto_plugin.so -plugin-opt=/usr/lib/gcc/x86_64-linux-gnu/11/lto-wrapper -plugin-opt=-fresolution=/tmp/cc061C4T.res -plugin-opt=-pass-through=-lgcc_s -plugin-opt=-pass-through=-lgcc -plugin-opt=-pass-through=-lc -plugin-opt=-pass-through=-lgcc_s -plugin-opt=-pass-through=-lgcc --build-id --eh-frame-hdr -m elf_x86_64 --hash-style=gnu --as-needed -dynamic-linker /lib64/ld-linux-x86-64.so.2 -pie -z now -z relro -o cmTC_ac115 /usr/lib/gcc/x86_64-linux-gnu/11/../../../x86_64-linux-gnu/Scrt1.o /usr/lib/gcc/x86_64-linux-gnu/11/../../../x86_64-linux-gnu/crti.o /usr/lib/gcc/x86_64-linux-gnu/11/crtbeginS.o -L/usr/lib/gcc/x86_64-linux-gnu/11 -L/usr/lib/gcc/x86_64-linux-gnu/11/../../../x86_64-linux-gnu -L/usr/lib/gcc/x86_64-linux-gnu/11/../../../../lib -L/lib/x86_64-linux-gnu -L/lib/../lib -L/usr/lib/x86_64-linux-gnu -L/usr/lib/../lib -L/usr/lib/gcc/x86_64-linux-gnu/11/../../.. CMakeFiles/cmTC_ac115.dir/CMakeCXXCompilerABI.cpp.o -lstdc++ -lm -lgcc_s -lgcc -lc -lgcc_s -lgcc /usr/lib/gcc/x86_64-linux-gnu/11/crtendS.o /usr/lib/gcc/x86_64-linux-gnu/11/../../../x86_64-linux-gnu/crtn.o
COLLECT_GCC_OPTIONS='-v' '-o' 'cmTC_ac115' '-shared-libgcc' '-mtune=generic' '-march=x86-64' '-dumpdir' 'cmTC_ac115.'
gmake[1]: Leaving directory '/home/neovp/soft/geant4/geant4-v11.4.0/examples/basic/B11/build/CMakeFiles/CMakeTmp'



Parsed CXX implicit include dir info from above output: rv=done
  found start of include info
  found start of implicit include info
    add: [/usr/include/c++/11]
    add: [/usr/include/x86_64-linux-gnu/c++/11]
    add: [/usr/include/c++/11/backward]
    add: [/usr/lib/gcc/x86_64-linux-gnu/11/include]
    add: [/usr/local/include]
    add: [/usr/include/x86_64-linux-gnu]
    add: [/usr/include]
  end of search list found
  collapse include dir [/usr/include/c++/11] ==> [/usr/include/c++/11]
  collapse include dir [/usr/include/x86_64-linux-gnu/c++/11] ==> [/usr/include/x86_64-linux-gnu/c++/11]
  collapse include dir [/usr/include/c++/11/backward] ==> [/usr/include/c++/11/backward]
  collapse include dir [/usr/lib/gcc/x86_64-linux-gnu/11/include] ==> [/usr/lib/gcc/x86_64-linux-gnu/11/include]
  collapse include dir [/usr/local/include] ==> [/usr/local/include]
  collapse include dir [/usr/include/x86_64-linux-gnu] ==> [/usr/include/x86_64-linux-gnu]
  collapse include dir [/usr/include] ==> [/usr/include]
  implicit include dirs: [/usr/include/c++/11;/usr/include/x86_64-linux-gnu/c++/11;/usr/include/c++/11/backward;/usr/lib/gcc/x86_64-linux-gnu/11/include;/usr/local/include;/usr/include/x86_64-linux-gnu;/usr/include]


Parsed CXX implicit link information from above output:
  link line regex: [^( *|.*[/\])(ld|CMAKE_LINK_STARTFILE-NOTFOUND|([^/\]+-)?ld|collect2)[^/\]*( |$)]
  ignore line: [Change Dir: /home/neovp/soft/geant4/geant4-v11.4.0/examples/basic/B11/build/CMakeFiles/CMakeTmp]
  ignore line: []
  ignore line: [Run Build Command(s):/usr/bin/gmake -f Makefile cmTC_ac115/fast && /usr/bin/gmake  -f CMakeFiles/cmTC_ac115.dir/build.make CMakeFiles/cmTC_ac115.dir/build]
  ignore line: [gmake[1]: Entering directory '/home/neovp/soft/geant4/geant4-v11.4.0/examples/basic/B11/build/CMakeFiles/CMakeTmp']
  ignore line: [Building CXX object CMakeFiles/cmTC_ac115.dir/CMakeCXXCompilerABI.cpp.o]
  ignore line: [/usr/bin/c++   -v -o CMakeFiles/cmTC_ac115.dir/CMakeCXXCompilerABI.cpp.o -c /usr/share/cmake-3.22/Modules/CMakeCXXCompilerABI.cpp]
  ignore line: [Using built-in specs.]
  ignore line: [COLLECT_GCC=/usr/bin/c++]
  ignore line: [OFFLOAD_TARGET_NAMES=nvptx-none:amdgcn-amdhsa]
  ignore line: [OFFLOAD_TARGET_DEFAULT=1]
  ignore line: [Target: x86_64-linux-gnu]
  ignore line: [Configured with: ../src/configure -v --with-pkgversion='Ubuntu 11.4.0-1ubuntu1~22.04.2' --with-bugurl=file:///usr/share/doc/gcc-11/README.Bugs --enable-languages=c ada c++ go brig d fortran objc obj-c++ m2 --prefix=/usr --with-gcc-major-version-only --program-suffix=-11 --program-prefix=x86_64-linux-gnu- --enable-shared --enable-linker-build-id --libexecdir=/usr/lib --without-included-gettext --enable-threads=posix --libdir=/usr/lib --enable-nls --enable-bootstrap --enable-clocale=gnu --enable-libstdcxx-debug --enable-libstdcxx-time=yes --with-default-libstdcxx-abi=new --enable-gnu-unique-object --disable-vtable-verify --enable-plugin --enable-default-pie --with-system-zlib --enable-libphobos-checking=release --with-target-system-zlib=auto --enable-objc-gc=auto --enable-multiarch --disable-werror --enable-cet --with-arch-32=i686 --with-abi=m64 --with-multilib-list=m32 m64 mx32 --enable-multilib --with-tune=generic --enable-offload-targets=nvptx-none=/build/gcc-11-2Y5pKs/gcc-11-11.4.0/debian/tmp-nvptx/usr amdgcn-amdhsa=/build/gcc-11-2Y5pKs/gcc-11-11.4.0/debian/tmp-gcn/usr --without-cuda-driver --enable-checking=release --build=x86_64-linux-gnu --host=x86_64-linux-gnu --target=x86_64-linux-gnu --with-build-config=bootstrap-lto-lean --enable-link-serialization=2]
  ignore line: [Thread model: posix]
  ignore line: [Supported LTO compression algorithms: zlib zstd]
  ignore line: [gcc version 11.4.0 (Ubuntu 11.4.0-1ubuntu1~22.04.2) ]
  ignore line: [COLLECT_GCC_OPTIONS='-v' '-o' 'CMakeFiles/cmTC_ac115.dir/CMakeCXXCompilerABI.cpp.o' '-c' '-shared-libgcc' '-mtune=generic' '-march=x86-64' '-dumpdir' 'CMakeFiles/cmTC_ac115.dir/']
  ignore line: [ /usr/lib/gcc/x86_64-linux-gnu/11/cc1plus -quiet -v -imultiarch x86_64-linux-gnu -D_GNU_SOURCE /usr/share/cmake-3.22/Modules/CMakeCXXCompilerABI.cpp -quiet -dumpdir CMakeFiles/cmTC_ac115.dir/ -dumpbase CMakeCXXCompilerABI.cpp.cpp -dumpbase-ext .cpp -mtune=generic -march=x86-64 -version -fasynchronous-unwind-tables -fstack-protector-strong -Wformat -Wformat-security -fstack-clash-protection -fcf-protection -o /tmp/ccwppMje.s]
  ignore line: [GNU C++17 (Ubuntu 11.4.0-1ubuntu1~22.04.2) version 11.4.0 (x86_64-linux-gnu)]
  ignore line: [	compiled by GNU C version 11.4.0  GMP version 6.2.1  MPFR version 4.1.0  MPC version 1.2.1  isl version isl-0.24-GMP]
  ignore line: []
  ignore line: [GGC heuristics: --param ggc-min-expand=100 --param ggc-min-heapsize=131072]
  ignore line: [ignoring duplicate directory "/usr/include/x86_64-linux-gnu/c++/11"]
  ignore line: [ignoring nonexistent directory "/usr/local/include/x86_64-linux-gnu"]
  ignore line: [ignoring nonexistent directory "/usr/lib/gcc/x86_64-linux-gnu/11/include-fixed"]
  ignore line: [ignoring nonexistent directory "/usr/lib/gcc/x86_64-linux-gnu/11/../../../../x86_64-linux-gnu/include"]
  ignore line: [#include "..." search starts here:]
  ignore line: [#include <...> search starts here:]
  ignore line: [ /usr/include/c++/11]
  ignore line: [ /usr/include/x86_64-linux-gnu/c++/11]
  ignore line: [ /usr/include/c++/11/backward]
  ignore line: [ /usr/lib/gcc/x86_64-linux-gnu/11/include]
  ignore line: [ /usr/local/include]
  ignore line: [ /usr/include/x86_64-linux-gnu]
  ignore line: [ /usr/include]
  ignore line: [End of search list.]
  ignore line: [GNU C++17 (Ubuntu 11.4.0-1ubuntu1~22.04.2) version 11.4.0 (x86_64-linux-gnu)]
  ignore line: [	compiled by GNU C version 11.4.0  GMP version 6.2.1  MPFR version 4.1.0  MPC version 1.2.1  isl version isl-0.24-GMP]
  ignore line: []
  ignore line: [GGC heuristics: --param ggc-min-expand=100 --param ggc-min-heapsize=131072]
  ignore line: [Compiler executable checksum: 6c87588fc345655b93b8c25f48f88886]
  ignore line: [COLLECT_GCC_OPTIONS='-v' '-o' 'CMakeFiles/cmTC_ac115.dir/CMakeCXXCompilerABI.cpp.o' '-c' '-shared-libgcc' '-mtune=generic' '-march=x86-64' '-dumpdir' 'CMakeFiles/cmTC_ac115.dir/']
  ignore line: [ as -v --64 -o CMakeFiles/cmTC_ac115.dir/CMakeCXXCompilerABI.cpp.o /tmp/ccwppMje.s]
  ignore line: [GNU assembler version 2.38 (x86_64-linux-gnu) using BFD version (GNU Binutils for Ubuntu) 2.38]
  ignore line: [COMPILER_PATH=/usr/lib/gcc/x86_64-linux-gnu/11/:/usr/lib/gcc/x86_64-linux-gnu/11/:/usr/lib/gcc/x86_64-linux-gnu/:/usr/lib/gcc/x86_64-linux-gnu/11/:/usr/lib/gcc/x86_64-linux-gnu/]
  ignore line: [LIBRARY_PATH=/usr/lib/gcc/x86_64-linux-gnu/11/:/usr/lib/gcc/x86_64-linux-gnu/11/../../../x86_64-linux-gnu/:/usr/lib/gcc/x86_64-linux-gnu/11/../../../../lib/:/lib/x86_64-linux-gnu/:/lib/../lib/:/usr/lib/x86_64-linux-gnu/:/usr/lib/../lib/:/usr/lib/gcc/x86_64-linux-gnu/11/../../../:/lib/:/usr/lib/]
  ignore line: [COLLECT_GCC_OPTIONS='-v' '-o' 'CMakeFiles/cmTC_ac115.dir/CMakeCXXCompilerABI.cpp.o' '-c' '-shared-libgcc' '-mtune=generic' '-march=x86-64' '-dumpdir' 'CMakeFiles/cmTC_ac115.dir/CMakeCXXCompilerABI.cpp.']
  ignore line: [Linking CXX executable cmTC_ac115]
  ignore line: [/usr/bin/cmake -E cmake_link_script CMakeFiles/cmTC_ac115.dir/link.txt --verbose=1]
  ignore line: [/usr/bin/c++  -v CMakeFiles/cmTC_ac115.dir/CMakeCXXCompilerABI.cpp.o -o cmTC_ac115 ]
  ignore line: [Using built-in specs.]
  ignore line: [COLLECT_GCC=/usr/bin/c++]
  ignore line: [COLLECT_LTO_WRAPPER=/usr/lib/gcc/x86_64-linux-gnu/11/lto-wrapper]
  ignore line: [OFFLOAD_TARGET_NAMES=nvptx-none:amdgcn-amdhsa]
  ignore line: [OFFLOAD_TARGET_DEFAULT=1]
  ignore line: [Target: x86_64-linux-gnu]
  ignore line: [Configured with: ../src/configure -v --with-pkgversion='Ubuntu 11.4.0-1ubuntu1~22.04.2' --with-bugurl=file:///usr/share/doc/gcc-11/README.Bugs --enable-languages=c ada c++ go brig d fortran objc obj-c++ m2 --prefix=/usr --with-gcc-major-version-only --program-suffix=-11 --program-prefix=x86_64-linux-gnu- --enable-shared --enable-linker-build-id --libexecdir=/usr/lib --without-included-gettext --enable-threads=posix --libdir=/usr/lib --enable-nls --enable-bootstrap --enable-clocale=gnu --enable-libstdcxx-debug --enable-libstdcxx-time=yes --with-default-libstdcxx-abi=new --enable-gnu-unique-object --disable-vtable-verify --enable-plugin --enable-default-pie --with-system-zlib --enable-libphobos-checking=release --with-target-system-zlib=auto --enable-objc-gc=auto --enable-multiarch --disable-werror --enable-cet --with-arch-32=i686 --with-abi=m64 --with-multilib-list=m32 m64 mx32 --enable-multilib --with-tune=generic --enable-offload-targets=nvptx-none=/build/gcc-11-2Y5pKs/gcc-11-11.4.0/debian/tmp-nvptx/usr amdgcn-amdhsa=/build/gcc-11-2Y5pKs/gcc-11-11.4.0/debian/tmp-gcn/usr --without-cuda-driver --enable-checking=release --build=x86_64-linux-gnu --host=x86_64-linux-gnu --target=x86_64-linux-gnu --with-build-config=bootstrap-lto-lean --enable-link-serialization=2]
  ignore line: [Thread model: posix]
  ignore line: [Supported LTO compression algorithms: zlib zstd]
  ignore line: [gcc version 11.4.0 (Ubuntu 11.4.0-1ubuntu1~22.04.2) ]
  ignore line: [COMPILER_PATH=/usr/lib/gcc/x86_64-linux-gnu/11/:/usr/lib/gcc/x86_64-linux-gnu/11/:/usr/lib/gcc/x86_64-linux-gnu/:/usr/lib/gcc/x86_64-linux-gnu/11/:/usr/lib/gcc/x86_64-linux-gnu/]
  ignore line: [LIBRARY_PATH=/usr/lib/gcc/x86_64-linux-gnu/11/:/usr/lib/gcc/x86_64-linux-gnu/11/../../../x86_64-linux-gnu/:/usr/lib/gcc/x86_64-linux-gnu/11/../../../../lib/:/lib/x86_64-linux-gnu/:/lib/../lib/:/usr/lib/x86_64-linux-gnu/:/usr/lib/../lib/:/usr/lib/gcc/x86_64-linux-gnu/11/../../../:/lib/:/usr/lib/]
  ignore line: [COLLECT_GCC_OPTIONS='-v' '-o' 'cmTC_ac115' '-shared-libgcc' '-mtune=generic' '-march=x86-64' '-dumpdir' 'cmTC_ac115.']
  link line: [ /usr/lib/gcc/x86_64-linux-gnu/11/collect2 -plugin /usr/lib/gcc/x86_64-linux-gnu/11/liblto_plugin.so -plugin-opt=/usr/lib/gcc/x86_64-linux-gnu/11/lto-wrapper -plugin-opt=-fresolution=/tmp/cc061C4T.res -plugin-opt=-pass-through=-lgcc_s -plugin-opt=-pass-through=-lgcc -plugin-opt=-pass-through=-lc -plugin-opt=-pass-through=-lgcc_s -plugin-opt=-pass-through=-lgcc --build-id --eh-frame-hdr -m elf_x86_64 --hash-style=gnu --as-needed -dynamic-linker /lib64/ld-linux-x86-64.so.2 -pie -z now -z relro -o cmTC_ac115 /usr/lib/gcc/x86_64-linux-gnu/11/../../../x86_64-linux-gnu/Scrt1.o /usr/lib/gcc/x86_64-linux-gnu/11/../../../x86_64-linux-gnu/crti.o /usr/lib/gcc/x86_64-linux-gnu/11/crtbeginS.o -L/usr/lib/gcc/x86_64-linux-gnu/11 -L/usr/lib/gcc/x86_64-linux-gnu/11/../../../x86_64-linux-gnu -L/usr/lib/gcc/x86_64-linux-gnu/11/../../../../lib -L/lib/x86_64-linux-gnu -L/lib/../lib -L/usr/lib/x86_64-linux-gnu -L/usr/lib/../lib -L/usr/lib/gcc/x86_64-linux-gnu/11/../../.. CMakeFiles/cmTC_ac115.dir/CMakeCXXCompilerABI.cpp.o -lstdc++ -lm -lgcc_s -lgcc -lc -lgcc_s -lgcc /usr/lib/gcc/x86_64-linux-gnu/11/crtendS.o /usr/lib/gcc/x86_64-linux-gnu/11/../../../x86_64-linux-gnu/crtn.o]
    arg [/usr/lib/gcc/x86_64-linux-gnu/11/collect2] ==> ignore
    arg [-plugin] ==> ignore
    arg [/usr/lib/gcc/x86_64-linux-gnu/11/liblto_plugin.so] ==> ignore
    arg [-plugin-opt=/usr/lib/gcc/x86_64-linux-gnu/11/lto-wrapper] ==> ignore
    arg [-plugin-opt=-fresolution=/tmp/cc061C4T.res] ==> ignore
    arg [-plugin-opt=-pass-through=-lgcc_s] ==> ignore
    arg [-plugin-opt=-pass-through=-lgcc] ==> ignore
    arg [-plugin-opt=-pass-through=-lc] ==> ignore
    arg [-plugin-opt=-pass-through=-lgcc_s] ==> ignore
    arg [-plugin-opt=-pass-through=-lgcc] ==> ignore
    arg [--build-id] ==> ignore
    arg [--eh-frame-hdr] ==> ignore
    arg [-m] ==> ignore
    arg [elf_x86_64] ==> ignore
    arg [--hash-style=gnu] ==> ignore
    arg [--as-needed] ==> ignore
    arg [-dynamic-linker] ==> ignore
    arg [/lib64/ld-linux-x86-64.so.2] ==> ignore
    arg [-pie] ==> ignore
    arg [-znow] ==> ignore
    arg [-zrelro] ==> ignore
    arg [-o] ==> ignore
    arg [cmTC_ac115] ==> ignore
    arg [/usr/lib/gcc/x86_64-linux-gnu/11/../../../x86_64-linux-gnu/Scrt1.o] ==> obj [/usr/lib/gcc/x86_64-linux-gnu/11/../../../x86_64-linux-gnu/Scrt1.o]
    arg [/usr/lib/gcc/x86_64-linux-gnu/11/../../../x86_64-linux-gnu/crti.o] ==> obj [/usr/lib/gcc/x86_64-linux-gnu/11/../../../x86_64-linux-gnu/crti.o]
    arg [/usr/lib/gcc/x86_64-linux-gnu/11/crtbeginS.o] ==> obj [/usr/lib/gcc/x86_64-linux-gnu/11/crtbeginS.o]
    arg [-L/usr/lib/gcc/x86_64-linux-gnu/11] ==> dir [/usr/lib/gcc/x86_64-linux-gnu/11]
    arg [-L/usr/lib/gcc/x86_64-linux-gnu/11/../../../x86_64-linux-gnu] ==> dir [/usr/lib/gcc/x86_64-linux-gnu/11/../../../x86_64-linux-gnu]
    arg [-L/usr/lib/gcc/x86_64-linux-gnu/11/../../../../lib] ==> dir [/usr/lib/gcc/x86_64-linux-gnu/11/../../../../lib]
    arg [-L/lib/x86_64-linux-gnu] ==> dir [/lib/x86_64-linux-gnu]
    arg [-L/lib/../lib] ==> dir [/lib/../lib]
    arg [-L/usr/lib/x86_64-linux-gnu] ==> dir [/usr/lib/x86_64-linux-gnu]
    arg [-L/usr/lib/../lib] ==> dir [/usr/lib/../lib]
    arg [-L/usr/lib/gcc/x86_64-linux-gnu/11/../../..] ==> dir [/usr/lib/gcc/x86_64-linux-gnu/11/../../..]
    arg [CMakeFiles/cmTC_ac115.dir/CMakeCXXCompilerABI.cpp.o] ==> ignore
    arg [-lstdc++] ==> lib [stdc++]
    arg [-lm] ==> lib [m]
    arg [-lgcc_s] ==> lib [gcc_s]
    arg [-lgcc] ==> lib [gcc]
    arg [-lc] ==> lib [c]
    arg [-lgcc_s] ==> lib [gcc_s]
    arg [-lgcc] ==> lib [gcc]
    arg [/usr/lib/gcc/x86_64-linux-gnu/11/crtendS.o] ==> obj [/usr/lib/gcc/x86_64-linux-gnu/11/crtendS.o]
    arg [/usr/lib/gcc/x86_64-linux-gnu/11/../../../x86_64-linux-gnu/crtn.o] ==> obj [/usr/lib/gcc/x86_64-linux-gnu/11/../../../x86_64-linux-gnu/crtn.o]
  collapse obj [/usr/lib/gcc/x86_64-linux-gnu/11/../../../x86_64-linux-gnu/Scrt1.o] ==> [/usr/lib/x86_64-linux-gnu/Scrt1.o]
  collapse obj [/usr/lib/gcc/x86_64-linux-gnu/11/../../../x86_64-linux-gnu/crti.o] ==> [/usr/lib/x86_64-linux-gnu/crti.o]
  collapse obj [/usr/lib/gcc/x86_64-linux-gnu/11/../../../x86_64-linux-gnu/crtn.o] ==> [/usr/lib/x86_64-linux-gnu/crtn.o]
  collapse library dir [/usr/lib/gcc/x86_64-linux-gnu/11] ==> [/usr/lib/gcc/x86_64-linux-gnu/11]
  collapse library dir [/usr/lib/gcc/x86_64-linux-gnu/11/../../../x86_64-linux-gnu] ==> [/usr/lib/x86_64-linux-gnu]
  collapse library dir [/usr/lib/gcc/x86_64-linux-gnu/11/../../../../lib] ==> [/usr/lib]
  collapse library dir [/lib/x86_64-linux-gnu] ==> [/lib/x86_64-linux-gnu]
  collapse library dir [/lib/../lib] ==> [/lib]
  collapse library dir [/usr/lib/x86_64-linux-gnu] ==> [/usr/lib/x86_64-linux-gnu]
  collapse library dir [/usr/lib/../lib] ==> [/usr/lib]
  collapse library dir [/usr/lib/gcc/x86_64-linux-gnu/11/../../..] ==> [/usr/lib]
  implicit libs: [stdc++;m;gcc_s;gcc;c;gcc_s;gcc]
  implicit objs: [/usr/lib/x86_64-linux-gnu/Scrt1.o;/usr/lib/x86_64-linux-gnu/crti.o;/usr/lib/gcc/x86_64-linux-gnu/11/crtbeginS.o;/usr/lib/gcc/x86_64-linux-gnu/11/crtendS.o;/usr/lib/x86_64-linux-gnu/crtn.o]
  implicit dirs: [/usr/lib/gcc/x86_64-linux-gnu/11;/usr/lib/x86_64-linux-gnu;/usr/lib;/lib/x86_64-linux-gnu;/lib]
  implicit fwks: []


Determining if the include file pthread.h exists passed with the following output:
Change Dir: /home/neovp/soft/geant4/geant4-v11.4.0/examples/basic/B11/build/CMakeFiles/CMakeTmp

Run Build Command(s):/usr/bin/gmake -f Makefile cmTC_0b443/fast && /usr/bin/gmake  -f CMakeFiles/cmTC_0b443.dir/build.make CMakeFiles/cmTC_0b443.dir/build
gmake[1]: Entering directory '/home/neovp/soft/geant4/geant4-v11.4.0/examples/basic/B11/build/CMakeFiles/CMakeTmp'
Building C object CMakeFiles/cmTC_0b443.dir/CheckIncludeFile.c.o
/usr/bin/cc    -o CMakeFiles/cmTC_0b443.dir/CheckIncludeFile.c.o -c /home/neovp/soft/geant4/geant4-v11.4.0/examples/basic/B11/build/CMakeFiles/CMakeTmp/CheckIncludeFile.c
Linking C executable cmTC_0b443
/usr/bin/cmake -E cmake_link_script CMakeFiles/cmTC_0b443.dir/link.txt --verbose=1
/usr/bin/cc CMakeFiles/cmTC_0b443.dir/CheckIncludeFile.c.o -o cmTC_0b443 
gmake[1]: Leaving directory '/home/neovp/soft/geant4/geant4-v11.4.0/examples/basic/B11/build/CMakeFiles/CMakeTmp'



Performing C SOURCE FILE Test CMAKE_HAVE_LIBC_PTHREAD succeeded with the following output:
Change Dir: /home/neovp/soft/geant4/geant4-v11.4.0/examples/basic/B11/build/CMakeFiles/CMakeTmp

Run Build Command(s):/usr/bin/gmake -f Makefile cmTC_deb26/fast && /usr/bin/gmake  -f CMakeFiles/cmTC_deb26.dir/build.make CMakeFiles/cmTC_deb26.dir/build
gmake[1]: Entering directory '/home/neovp/soft/geant4/geant4-v11.4.0/examples/basic/B11/build/CMakeFiles/CMakeTmp'
Building C object CMakeFiles/cmTC_deb26.dir/src.c.o
/usr/bin/cc -DCMAKE_HAVE_LIBC_PTHREAD   -o CMakeFiles/cmTC_deb26.dir/src.c.o -c /home/neovp/soft/geant4/geant4-v11.4.0/examples/basic/B11/build/CMakeFiles/CMakeTmp/src.c
Linking C executable cmTC_deb26
/usr/bin/cmake -E cmake_link_script CMakeFiles/cmTC_deb26.dir/link.txt --verbose=1
/usr/bin/cc CMakeFiles/cmTC_deb26.dir/src.c.o -o cmTC_deb26 
gmake[1]: Leaving directory '/home/neovp/soft/geant4/geant4-v11.4.0/examples/basic/B11/build/CMakeFiles/CMakeTmp'


Source file was:
#include <pthread.h>

static void* test_func(void* data)
{
  return data;
}

int main(void)
{
  pthread_t thread;
  pthread_create(&thread, NULL, test_func, NULL);
  pthread_detach(thread);
  pthread_cancel(thread);
  pthread_join(thread, NULL);
  pthread_atfork(NULL, NULL, NULL);
  pthread_exit(NULL);

  return 0;
}

Performing C++ SOURCE FILE Test HAVE_STDATOMIC succeeded with the following output:
Change Dir: /home/neovp/soft/geant4/geant4-v11.4.0/examples/basic/B11/build/CMakeFiles/CMakeTmp

Run Build Command(s):/usr/bin/gmake -f Makefile cmTC_fbaf2/fast && /usr/bin/gmake  -f CMakeFiles/cmTC_fbaf2.dir/build.make CMakeFiles/cmTC_fbaf2.dir/build
gmake[1]: Entering directory '/home/neovp/soft/geant4/geant4-v11.4.0/examples/basic/B11/build/CMakeFiles/CMakeTmp'
Building CXX object CMakeFiles/cmTC_fbaf2.dir/src.cxx.o
/usr/bin/c++ -DHAVE_STDATOMIC   -o CMakeFiles/cmTC_fbaf2.dir/src.cxx.o -c /home/neovp/soft/geant4/geant4-v11.4.0/examples/basic/B11/build/CMakeFiles/CMakeTmp/src.cxx
Linking CXX executable cmTC_fbaf2
/usr/bin/cmake -E cmake_link_script CMakeFiles/cmTC_fbaf2.dir/link.txt --verbose=1
/usr/bin/c++ CMakeFiles/cmTC_fbaf2.dir/src.cxx.o -o cmTC_fbaf2 
gmake[1]: Leaving directory '/home/neovp/soft/geant4/geant4-v11.4.0/examples/basic/B11/build/CMakeFiles/CMakeTmp'


Source file was:
#include <atomic>
#include <cstdint>

void test(volatile std::atomic<std::int64_t> &a)
{
    std::int64_t v = a.load(std::memory_order_acquire);
    while (!a.compare_exchange_strong(v, v + 1,
                                      std::memory_order_acq_rel,
                                      std::memory_order_acquire)) {
        v = a.exchange(v - 1);
    }
    a.store(v + 1, std::memory_order_release);
}

int main(int, char **)
{
    void *ptr = (void*)0xffffffc0; // any random pointer
    test(*reinterpret_cast<std::atomic<std::int64_t> *>(ptr));
    return 0;
}
Determining if the function XOpenDisplay exists in the /usr/lib/x86_64-linux-gnu/libX11.so;/usr/lib/x86_64-linux-gnu/libXext.so passed with the following output:
Change Dir: /home/neovp/soft/geant4/geant4-v11.4.0/examples/basic/B11/build/CMakeFiles/CMakeTmp

Run Build Command(s):/usr/bin/gmake -f Makefile cmTC_761a9/fast && /usr/bin/gmake  -f CMakeFiles/cmTC_761a9.dir/build.make CMakeFiles/cmTC_761a9.dir/build
gmake[1]: Entering directory '/home/neovp/soft/geant4/geant4-v11.4.0/examples/basic/B11/build/CMakeFiles/CMakeTmp'
Building C object CMakeFiles/cmTC_761a9.dir/CheckFunctionExists.c.o
/usr/bin/cc   -DCHECK_FUNCTION_EXISTS=XOpenDisplay -o CMakeFiles/cmTC_761a9.dir/CheckFunctionExists.c.o -c /usr/share/cmake-3.22/Modules/CheckFunctionExists.c
Linking C executable cmTC_761a9
/usr/bin/cmake -E cmake_link_script CMakeFiles/cmTC_761a9.dir/link.txt --verbose=1
/usr/bin/cc  -DCHECK_FUNCTION_EXISTS=XOpenDisplay CMakeFiles/cmTC_761a9.dir/CheckFunctionExists.c.o -o cmTC_761a9  /usr/lib/x86_64-linux-gnu/libX11.so /usr/lib/x86_64-linux-gnu/libXext.so 
gmake[1]: Leaving directory '/home/neovp/soft/geant4/geant4-v11.4.0/examples/basic/B11/build/CMakeFiles/CMakeTmp'



Determining if the function gethostbyname exists passed with the following output:
Change Dir: /home/neovp/soft/geant4/geant4-v11.4.0/examples/basic/B11/build/CMakeFiles/CMakeTmp

Run Build Command(s):/usr/bin/gmake -f Makefile cmTC_52c22/fast && /usr/bin/gmake  -f CMakeFiles/cmTC_52c22.dir/build.make CMakeFiles/cmTC_52c22.dir/build
gmake[1]: Entering directory '/home/neovp/soft/geant4/geant4-v11.4.0/examples/basic/B11/build/CMakeFiles/CMakeTmp'
Building C object CMakeFiles/cmTC_52c22.dir/CheckFunctionExists.c.o
/usr/bin/cc   -DCHECK_FUNCTION_EXISTS=gethostbyname -o CMakeFiles/cmTC_52c22.dir/CheckFunctionExists.c.o -c /usr/share/cmake-3.22/Modules/CheckFunctionExists.c
Linking C executable cmTC_52c22
/usr/bin/cmake -E cmake_link_script CMakeFiles/cmTC_52c22.dir/link.txt --verbose=1
/usr/bin/cc  -DCHECK_FUNCTION_EXISTS=gethostbyname CMakeFiles/cmTC_52c22.dir/CheckFunctionExists.c.o -o cmTC_52c22 
gmake[1]: Leaving directory '/home/neovp/soft/geant4/geant4-v11.4.0/examples/basic/B11/build/CMakeFiles/CMakeTmp'



Determining if the function connect exists passed with the following output:
Change Dir: /home/neovp/soft/geant4/geant4-v11.4.0/examples/basic/B11/build/CMakeFiles/CMakeTmp

Run Build Command(s):/usr/bin/gmake -f Makefile cmTC_c5354/fast && /usr/bin/gmake  -f CMakeFiles/cmTC_c5354.dir/build.make CMakeFiles/cmTC_c5354.dir/build
gmake[1]: Entering directory '/home/neovp/soft/geant4/geant4-v11.4.0/examples/basic/B11/build/CMakeFiles/CMakeTmp'
Building C object CMakeFiles/cmTC_c5354.dir/CheckFunctionExists.c.o
/usr/bin/cc   -DCHECK_FUNCTION_EXISTS=connect -o CMakeFiles/cmTC_c5354.dir/CheckFunctionExists.c.o -c /usr/share/cmake-3.22/Modules/CheckFunctionExists.c
Linking C executable cmTC_c5354
/usr/bin/cmake -E cmake_link_script CMakeFiles/cmTC_c5354.dir/link.txt --verbose=1
/usr/bin/cc  -DCHECK_FUNCTION_EXISTS=connect CMakeFiles/cmTC_c5354.dir/CheckFunctionExists.c.o -o cmTC_c5354 
gmake[1]: Leaving directory '/home/neovp/soft/geant4/geant4-v11.4.0/examples/basic/B11/build/CMakeFiles/CMakeTmp'



Determining if the function remove exists passed with the following output:
Change Dir: /home/neovp/soft/geant4/geant4-v11.4.0/examples/basic/B11/build/CMakeFiles/CMakeTmp

Run Build Command(s):/usr/bin/gmake -f Makefile cmTC_39903/fast && /usr/bin/gmake  -f CMakeFiles/cmTC_39903.dir/build.make CMakeFiles/cmTC_39903.dir/build
gmake[1]: Entering directory '/home/neovp/soft/geant4/geant4-v11.4.0/examples/basic/B11/build/CMakeFiles/CMakeTmp'
Building C object CMakeFiles/cmTC_39903.dir/CheckFunctionExists.c.o
/usr/bin/cc   -DCHECK_FUNCTION_EXISTS=remove -o CMakeFiles/cmTC_39903.dir/CheckFunctionExists.c.o -c /usr/share/cmake-3.22/Modules/CheckFunctionExists.c
Linking C executable cmTC_39903
/usr/bin/cmake -E cmake_link_script CMakeFiles/cmTC_39903.dir/link.txt --verbose=1
/usr/bin/cc  -DCHECK_FUNCTION_EXISTS=remove CMakeFiles/cmTC_39903.dir/CheckFunctionExists.c.o -o cmTC_39903 
gmake[1]: Leaving directory '/home/neovp/soft/geant4/geant4-v11.4.0/examples/basic/B11/build/CMakeFiles/CMakeTmp'



Determining if the function shmat exists passed with the following output:
Change Dir: /home/neovp/soft/geant4/geant4-v11.4.0/examples/basic/B11/build/CMakeFiles/CMakeTmp

Run Build Command(s):/usr/bin/gmake -f Makefile cmTC_a061e/fast && /usr/bin/gmake  -f CMakeFiles/cmTC_a061e.dir/build.make CMakeFiles/cmTC_a061e.dir/build
gmake[1]: Entering directory '/home/neovp/soft/geant4/geant4-v11.4.0/examples/basic/B11/build/CMakeFiles/CMakeTmp'
Building C object CMakeFiles/cmTC_a061e.dir/CheckFunctionExists.c.o
/usr/bin/cc   -DCHECK_FUNCTION_EXISTS=shmat -o CMakeFiles/cmTC_a061e.dir/CheckFunctionExists.c.o -c /usr/share/cmake-3.22/Modules/CheckFunctionExists.c
Linking C executable cmTC_a061e
/usr/bin/cmake -E cmake_link_script CMakeFiles/cmTC_a061e.dir/link.txt --verbose=1
/usr/bin/cc  -DCHECK_FUNCTION_EXISTS=shmat CMakeFiles/cmTC_a061e.dir/CheckFunctionExists.c.o -o cmTC_a061e 
gmake[1]: Leaving directory '/home/neovp/soft/geant4/geant4-v11.4.0/examples/basic/B11/build/CMakeFiles/CMakeTmp'



Determining if the function IceConnectionNumber exists in the ICE passed with the following output:
Change Dir: /home/neovp/soft/geant4/geant4-v11.4.0/examples/basic/B11/build/CMakeFiles/CMakeTmp

Run Build Command(s):/usr/bin/gmake -f Makefile cmTC_87721/fast && /usr/bin/gmake  -f CMakeFiles/cmTC_87721.dir/build.make CMakeFiles/cmTC_87721.dir/build
gmake[1]: Entering directory '/home/neovp/soft/geant4/geant4-v11.4.0/examples/basic/B11/build/CMakeFiles/CMakeTmp'
Building C object CMakeFiles/cmTC_87721.dir/CheckFunctionExists.c.o
/usr/bin/cc   -DCHECK_FUNCTION_EXISTS=IceConnectionNumber -o CMakeFiles/cmTC_87721.dir/CheckFunctionExists.c.o -c /usr/share/cmake-3.22/Modules/CheckFunctionExists.c
Linking C executable cmTC_87721
/usr/bin/cmake -E cmake_link_script CMakeFiles/cmTC_87721.dir/link.txt --verbose=1
/usr/bin/cc  -DCHECK_FUNCTION_EXISTS=IceConnectionNumber CMakeFiles/cmTC_87721.dir/CheckFunctionExists.c.o -o cmTC_87721  -lICE 
gmake[1]: Leaving directory '/home/neovp/soft/geant4/geant4-v11.4.0/examples/basic/B11/build/CMakeFiles/CMakeTmp'



The system is: Linux - 6.8.0-90-generic - x86_64
Compiling the C compiler identification source file "CMakeCCompilerId.c" succeeded.
Compiler: /usr/bin/cc 
Build flags: 
Id flags:  

The output was:
0


Compilation of the C compiler identification source "CMakeCCompilerId.c" produced "a.out"

The C compiler identification is GNU, found in "/home/neovp/soft/geant4/geant4-v11.4.0/examples/basic/B11/build/CMakeFiles/3.22.1/CompilerIdC/a.out"

Compiling the CXX compiler identification source file "CMakeCXXCompilerId.cpp" succeeded.
Compiler: /usr/bin/c++ 
Build flags: 
Id flags:  

The output was:
0


Compilation of the CXX compiler identification source "CMakeCXXCompilerId.cpp" produced "a.out"

The CXX compiler identification is GNU, found in "/home/neovp/soft/geant4/geant4-v11.4.0/examples/basic/B11/build/CMakeFiles/3.22.1/CompilerIdCXX/a.out"

Detecting C compiler ABI info compiled with the following output:
Change Dir: /home/neovp/soft/geant4/geant4-v11.4.0/examples/basic/B11/build/CMakeFiles/CMakeTmp

Run Build Command(s):/usr/bin/gmake -f Makefile cmTC_8932f/fast && /usr/bin/gmake  -f CMakeFiles/cmTC_8932f.dir/build.make CMakeFiles/cmTC_8932f.dir/build
gmake[1]: Entering directory '/home/neovp/soft/geant4/geant4-v11.4.0/examples/basic/B11/build/CMakeFiles/CMakeTmp'
Building C object CMakeFiles/cmTC_8932f.dir/CMakeCCompilerABI.c.o
/usr/bin/cc   -v -o CMakeFiles/cmTC_8932f.dir/CMakeCCompilerABI.c.o -c /usr/share/cmake-3.22/Modules/CMakeCCompilerABI.c
Using built-in specs.
COLLECT_GCC=/usr/bin/cc
OFFLOAD_TARGET_NAMES=nvptx-none:amdgcn-amdhsa
OFFLOAD_TARGET_DEFAULT=1
Target: x86_64-linux-gnu
Configured with: ../src/configure -v --with-pkgversion='Ubuntu 11.4.0-1ubuntu1~22.04.2' --with-bugurl=file:///usr/share/doc/gcc-11/README.Bugs --enable-languages=c,ada,c++,go,brig,d,fortran,objc,obj-c++,m2 --prefix=/usr --with-gcc-major-version-only --program-suffix=-11 --program-prefix=x86_64-linux-gnu- --enable-shared --enable-linker-build-id --libexecdir=/usr/lib --without-included-gettext --enable-threads=posix --libdir=/usr/lib --enable-nls --enable-bootstrap --enable-clocale=gnu --enable-libstdcxx-debug --enable-libstdcxx-time=yes --with-default-libstdcxx-abi=new --enable-gnu-unique-object --disable-vtable-verify --enable-plugin --enable-default-pie --with-system-zlib --enable-libphobos-checking=release --with-target-system-zlib=auto --enable-objc-gc=auto --enable-multiarch --disable-werror --enable-cet --with-arch-32=i686 --with-abi=m64 --with-multilib-list=m32,m64,mx32 --enable-multilib --with-tune=generic --enable-offload-targets=nvptx-none=/build/gcc-11-2Y5pKs/gcc-11-11.4.0/debian/tmp-nvptx/usr,amdgcn-amdhsa=/build/gcc-11-2Y5pKs/gcc-11-11.4.0/debian/tmp-gcn/usr --without-cuda-driver --enable-checking=release --build=x86_64-linux-gnu --host=x86_64-linux-gnu --target=x86_64-linux-gnu --with-build-config=bootstrap-lto-lean --enable-link-serialization=2
Thread model: posix
Supported LTO compression algorithms: zlib zstd
gcc version 11.4.0 (Ubuntu 11.4.0-1ubuntu1~22.04.2) 
COLLECT_GCC_OPTIONS='-v' '-o' 'CMakeFiles/cmTC_8932f.dir/CMakeCCompilerABI.c.o' '-c' '-mtune=generic' '-march=x86-64' '-dumpdir' 'CMakeFiles/cmTC_8932f.dir/'
 /usr/lib/gcc/x86_64-linux-gnu/11/cc1 -quiet -v -imultiarch x86_64-linux-gnu /usr/share/cmake-3.22/Modules/CMakeCCompilerABI.c -quiet -dumpdir CMakeFiles/cmTC_8932f.dir/ -dumpbase CMakeCCompilerABI.c.c -dumpbase-ext .c -mtune=generic -march=x86-64 -version -fasynchronous-unwind-tables -fstack-protector-strong -Wformat -Wformat-security -fstack-clash-protection -fcf-protection -o /tmp/ccPs9MqT.s
GNU C17 (Ubuntu 11.4.0-1ubuntu1~22.04.2) version 11.4.0 (x86_64-linux-gnu)
	compiled by GNU C version 11.4.0, GMP version 6.2.1, MPFR version 4.1.0, MPC version 1.2.1, isl version isl-0.24-GMP

GGC heuristics: --param ggc-min-expand=100 --param ggc-min-heapsize=131072
ignoring nonexistent directory "/usr/local/include/x86_64-linux-gnu"
ignoring nonexistent directory "/usr/lib/gcc/x86_64-linux-gnu/11/include-fixed"
ignoring nonexistent directory "/usr/lib/gcc/x86_64-linux-gnu/11/../../../../x86_64-linux-gnu/include"
#include "..." search starts here:
#include <...> search starts here:
 /usr/lib/gcc/x86_64-linux-gnu/11/include
 /usr/local/include
 /usr/include/x86_64-linux-gnu
 /usr/include
End of search list.
GNU C17 (Ubuntu 11.4.0-1ubuntu1~22.04.2) version 11.4.0 (x86_64-linux-gnu)
	compiled by GNU C version 11.4.0, GMP version 6.2.1, MPFR version 4.1.0, MPC version 1.2.1, isl version isl-0.24-GMP

GGC heuristics: --param ggc-min-expand=100 --param ggc-min-heapsize=131072
Compiler executable checksum: 4011c2103cba78949d7e02d0f0047a3d
COLLECT_GCC_OPTIONS='-v' '-o' 'CMakeFiles/cmTC_8932f.dir/CMakeCCompilerABI.c.o' '-c' '-mtune=generic' '-march=x86-64' '-dumpdir' 'CMakeFiles/cmTC_8932f.dir/'
 as -v --64 -o CMakeFiles/cmTC_8932f.dir/CMakeCCompilerABI.c.o /tmp/ccPs9MqT.s
GNU assembler version 2.38 (x86_64-linux-gnu) using BFD version (GNU Binutils for Ubuntu) 2.38
COMPILER_PATH=/usr/lib/gcc/x86_64-linux-gnu/11/:/usr/lib/gcc/x86_64-linux-gnu/11/:/usr/lib/gcc/x86_64-linux-gnu/:/usr/lib/gcc/x86_64-linux-gnu/11/:/usr/lib/gcc/x86_64-linux-gnu/
LIBRARY_PATH=/usr/lib/gcc/x86_64-linux-gnu/11/:/usr/lib/gcc/x86_64-linux-gnu/11/../../../x86_64-linux-gnu/:/usr/lib/gcc/x86_64-linux-gnu/11/../../../../lib/:/lib/x86_64-linux-gnu/:/lib/../lib/:/usr/lib/x86_64-linux-gnu/:/usr/lib/../lib/:/usr/lib/gcc/x86_64-linux-gnu/11/../../../:/lib/:/usr/lib/
COLLECT_GCC_OPTIONS='-v' '-o' 'CMakeFiles/cmTC_8932f.dir/CMakeCCompilerABI.c.o' '-c' '-mtune=generic' '-march=x86-64' '-dumpdir' 'CMakeFiles/cmTC_8932f.dir/CMakeCCompilerABI.c.'
Linking C executable cmTC_8932f
/usr/bin/cmake -E cmake_link_script CMakeFiles/cmTC_8932f.dir/link.txt --verbose=1
/usr/bin/cc  -v CMakeFiles/cmTC_8932f.dir/CMakeCCompilerABI.c.o -o cmTC_8932f 
Using built-in specs.
COLLECT_GCC=/usr/bin/cc
COLLECT_LTO_WRAPPER=/usr/lib/gcc/x86_64-linux-gnu/11/lto-wrapper
OFFLOAD_TARGET_NAMES=nvptx-none:amdgcn-amdhsa
OFFLOAD_TARGET_DEFAULT=1
Target: x86_64-linux-gnu
Configured with: ../src/configure -v --with-pkgversion='Ubuntu 11.4.0-1ubuntu1~22.04.2' --with-bugurl=file:///usr/share/doc/gcc-11/README.Bugs --enable-languages=c,ada,c++,go,brig,d,fortran,objc,obj-c++,m2 --prefix=/usr --with-gcc-major-version-only --program-suffix=-11 --program-prefix=x86_64-linux-gnu- --enable-shared --enable-linker-build-id --libexecdir=/usr/lib --without-included-gettext --enable-threads=posix --libdir=/usr/lib --enable-nls --enable-bootstrap --enable-clocale=gnu --enable-libstdcxx-debug --enable-libstdcxx-time=yes --with-default-libstdcxx-abi=new --enable-gnu-unique-object --disable-vtable-verify --enable-plugin --enable-default-pie --with-system-zlib --enable-libphobos-checking=release --with-target-system-zlib=auto --enable-objc-gc=auto --enable-multiarch --disable-werror --enable-cet --with-arch-32=i686 --with-abi=m64 --with-multilib-list=m32,m64,mx32 --enable-multilib --with-tune=generic --enable-offload-targets=nvptx-none=/build/gcc-11-2Y5pKs/gcc-11-11.4.0/debian/tmp-nvptx/usr,amdgcn-amdhsa=/build/gcc-11-2Y5pKs/gcc-11-11.4.0/debian/tmp-gcn/usr --without-cuda-driver --enable-checking=release --build=x86_64-linux-gnu --host=x86_64-linux-gnu --target=x86_64-linux-gnu --with-build-config=bootstrap-lto-lean --enable-link-serialization=2
Thread model: posix
Supported LTO compression algorithms: zlib zstd
gcc version 11.4.0 (Ubuntu 11.4.0-1ubuntu1~22.04.2) 
COMPILER_PATH=/usr/lib/gcc/x86_64-linux-gnu/11/:/usr/lib/gcc/x86_64-linux-gnu/11/:/usr/lib/gcc/x86_64-linux-gnu/:/usr/lib/gcc/x86_64-linux-gnu/11/:/usr/lib/gcc/x86_64-linux-gnu/
LIBRARY_PATH=/usr/lib/gcc/x86_64-linux-gnu/11/:/usr/lib/gcc/x86_64-linux-gnu/11/../../../x86_64-linux-gnu/:/usr/lib/gcc/x86_64-linux-gnu/11/../../../../lib/:/lib/x86_64-linux-gnu/:/lib/../lib/:/usr/lib/x86_64-linux-gnu/:/usr/lib/../lib/:/usr/lib/gcc/x86_64-linux-gnu/11/../../../:/lib/:/usr/lib/
COLLECT_GCC_OPTIONS='-v' '-o' 'cmTC_8932f' '-mtune=generic' '-march=x86-64' '-dumpdir' 'cmTC_8932f.'
 /usr/lib/gcc/x86_64-linux-gnu/11/collect2 -plugin /usr/lib/gcc/x86_64-linux-gnu/11/liblto_plugin.so -plugin-opt=/usr/lib/gcc/x86_64-linux-gnu/11/lto-wrapper -plugin-opt=-fresolution=/tmp/ccNtlhSU.res -plugin-opt=-pass-through=-lgcc -plugin-opt=-pass-through=-lgcc_s -plugin-opt=-pass-through=-lc -plugin-opt=-pass-through=-lgcc -plugin-opt=-pass-through=-lgcc_s --build-id --eh-frame-hdr -m elf_x86_64 --hash-style=gnu --as-needed -dynamic-linker /lib64/ld-linux-x86-64.so.2 -pie -z now -z relro -o cmTC_8932f /usr/lib/gcc/x86_64-linux-gnu/11/../../../x86_64-linux-gnu/Scrt1.o /usr/lib/gcc/x86_64-linux-gnu/11/../../../x86_64-linux-gnu/crti.o /usr/lib/gcc/x86_64-linux-gnu/11/crtbeginS.o -L/usr/lib/gcc/x86_64-linux-gnu/11 -L/usr/lib/gcc/x86_64-linux-gnu/11/../../../x86_64-linux-gnu -L/usr/lib/gcc/x86_64-linux-gnu/11/../../../../lib -L/lib/x86_64-linux-gnu -L/lib/../lib -L/usr/lib/x86_64-linux-gnu -L/usr/lib/../lib -L/usr/lib/gcc/x86_64-linux-gnu/11/../../.. CMakeFiles/cmTC_8932f.dir/CMakeCCompilerABI.c.o -lgcc --push-state --as-needed -lgcc_s --pop-state -lc -lgcc --push-state --as-needed -lgcc_s --pop-state /usr/lib/gcc/x86_64-linux-gnu/11/crtendS.o /usr/lib/gcc/x86_64-linux-gnu/11/../../../x86_64-linux-gnu/crtn.o
COLLECT_GCC_OPTIONS='-v' '-o' 'cmTC_8932f' '-mtune=generic' '-march=x86-64' '-dumpdir' 'cmTC_8932f.'
gmake[1]: Leaving directory '/home/neovp/soft/geant4/geant4-v11.4.0/examples/basic/B11/build/CMakeFiles/CMakeTmp'



Parsed C implicit include dir info from above output: rv=done
  found start of include info
  found start of implicit include info
    add: [/usr/lib/gcc/x86_64-linux-gnu/11/include]
    add: [/usr/local/include]
    add: [/usr/include/x86_64-linux-gnu]
    add: [/usr/include]
  end of search list found
  collapse include dir [/usr/lib/gcc/x86_64-linux-gnu/11/include] ==> [/usr/lib/gcc/x86_64-linux-gnu/11/include]
  collapse include dir [/usr/local/include] ==> [/usr/local/include]
  collapse include dir [/usr/include/x86_64-linux-gnu] ==> [/usr/include/x86_64-linux-gnu]
  collapse include dir [/usr/include] ==> [/usr/include]
  implicit include dirs: [/usr/lib/gcc/x86_64-linux-gnu/11/include;/usr/local/include;/usr/include/x86_64-linux-gnu;/usr/include]


Parsed C implicit link information from above output:
  link line regex: [^( *|.*[/\])(ld|CMAKE_LINK_STARTFILE-NOTFOUND|([^/\]+-)?ld|collect2)[^/\]*( |$)]
  ignore line: [Change Dir: /home/neovp/soft/geant4/geant4-v11.4.0/examples/basic/B11/build/CMakeFiles/CMakeTmp]
  ignore line: []
  ignore line: [Run Build Command(s):/usr/bin/gmake -f Makefile cmTC_8932f/fast && /usr/bin/gmake  -f CMakeFiles/cmTC_8932f.dir/build.make CMakeFiles/cmTC_8932f.dir/build]
  ignore line: [gmake[1]: Entering directory '/home/neovp/soft/geant4/geant4-v11.4.0/examples/basic/B11/build/CMakeFiles/CMakeTmp']
  ignore line: [Building C object CMakeFiles/cmTC_8932f.dir/CMakeCCompilerABI.c.o]
  ignore line: [/usr/bin/cc   -v -o CMakeFiles/cmTC_8932f.dir/CMakeCCompilerABI.c.o -c /usr/share/cmake-3.22/Modules/CMakeCCompilerABI.c]
  ignore line: [Using built-in specs.]
  ignore line: [COLLECT_GCC=/usr/bin/cc]
  ignore line: [OFFLOAD_TARGET_NAMES=nvptx-none:amdgcn-amdhsa]
  ignore line: [OFFLOAD_TARGET_DEFAULT=1]
  ignore line: [Target: x86_64-linux-gnu]
  ignore line: [Configured with: ../src/configure -v --with-pkgversion='Ubuntu 11.4.0-1ubuntu1~22.04.2' --with-bugurl=file:///usr/share/doc/gcc-11/README.Bugs --enable-languages=c ada c++ go brig d fortran objc obj-c++ m2 --prefix=/usr --with-gcc-major-version-only --program-suffix=-11 --program-prefix=x86_64-linux-gnu- --enable-shared --enable-linker-build-id --libexecdir=/usr/lib --without-included-gettext --enable-threads=posix --libdir=/usr/lib --enable-nls --enable-bootstrap --enable-clocale=gnu --enable-libstdcxx-debug --enable-libstdcxx-time=yes --with-default-libstdcxx-abi=new --enable-gnu-unique-object --disable-vtable-verify --enable-plugin --enable-default-pie --with-system-zlib --enable-libphobos-checking=release --with-target-system-zlib=auto --enable-objc-gc=auto --enable-multiarch --disable-werror --enable-cet --with-arch-32=i686 --with-abi=m64 --with-multilib-list=m32 m64 mx32 --enable-multilib --with-tune=generic --enable-offload-targets=nvptx-none=/build/gcc-11-2Y5pKs/gcc-11-11.4.0/debian/tmp-nvptx/usr amdgcn-amdhsa=/build/gcc-11-2Y5pKs/gcc-11-11.4.0/debian/tmp-gcn/usr --without-cuda-driver --enable-checking=release --build=x86_64-linux-gnu --host=x86_64-linux-gnu --target=x86_64-linux-gnu --with-build-config=bootstrap-lto-lean --enable-link-serialization=2]
  ignore line: [Thread model: posix]
  ignore line: [Supported LTO compression algorithms: zlib zstd]
  ignore line: [gcc version 11.4.0 (Ubuntu 11.4.0-1ubuntu1~22.04.2) ]
  ignore line: [COLLECT_GCC_OPTIONS='-v' '-o' 'CMakeFiles/cmTC_8932f.dir/CMakeCCompilerABI.c.o' '-c' '-mtune=generic' '-march=x86-64' '-dumpdir' 'CMakeFiles/cmTC_8932f.dir/']
  ignore line: [ /usr/lib/gcc/x86_64-linux-gnu/11/cc1 -quiet -v -imultiarch x86_64-linux-gnu /usr/share/cmake-3.22/Modules/CMakeCCompilerABI.c -quiet -dumpdir CMakeFiles/cmTC_8932f.dir/ -dumpbase CMakeCCompilerABI.c.c -dumpbase-ext .c -mtune=generic -march=x86-64 -version -fasynchronous-unwind-tables -fstack-protector-strong -Wformat -Wformat-security -fstack-clash-protection -fcf-protection -o /tmp/ccPs9MqT.s]
  ignore line: [GNU C17 (Ubuntu 11.4.0-1ubuntu1~22.04.2) version 11.4.0 (x86_64-linux-gnu)]
  ignore line: [	compiled by GNU C version 11.4.0  GMP version 6.2.1  MPFR version 4.1.0  MPC version 1.2.1  isl version isl-0.24-GMP]
  ignore line: []
  ignore line: [GGC heuristics: --param ggc-min-expand=100 --param ggc-min-heapsize=131072]
  ignore line: [ignoring nonexistent directory "/usr/local/include/x86_64-linux-gnu"]
  ignore line: [ignoring nonexistent directory "/usr/lib/gcc/x86_64-linux-gnu/11/include-fixed"]
  ignore line: [ignoring nonexistent directory "/usr/lib/gcc/x86_64-linux-gnu/11/../../../../x86_64-linux-gnu/include"]
  ignore line: [#include "..." search starts here:]
  ignore line: [#include <...> search starts here:]
  ignore line: [ /usr/lib/gcc/x86_64-linux-gnu/11/include]
  ignore line: [ /usr/local/include]
  ignore line: [ /usr/include/x86_64-linux-gnu]
  ignore line: [ /usr/include]
  ignore line: [End of search list.]
  ignore line: [GNU C17 (Ubuntu 11.4.0-1ubuntu1~22.04.2) version 11.4.0 (x86_64-linux-gnu)]
  ignore line: [	compiled by GNU C version 11.4.0  GMP version 6.2.1  MPFR version 4.1.0  MPC version 1.2.1  isl version isl-0.24-GMP]
  ignore line: []
  ignore line: [GGC heuristics: --param ggc-min-expand=100 --param ggc-min-heapsize=131072]
  ignore line: [Compiler executable checksum: 4011c2103cba78949d7e02d0f0047a3d]
  ignore line: [COLLECT_GCC_OPTIONS='-v' '-o' 'CMakeFiles/cmTC_8932f.dir/CMakeCCompilerABI.c.o' '-c' '-mtune=generic' '-march=x86-64' '-dumpdir' 'CMakeFiles/cmTC_8932f.dir/']
  ignore line: [ as -v --64 -o CMakeFiles/cmTC_8932f.dir/CMakeCCompilerABI.c.o /tmp/ccPs9MqT.s]
  ignore line: [GNU assembler version 2.38 (x86_64-linux-gnu) using BFD version (GNU Binutils for Ubuntu) 2.38]
  ignore line: [COMPILER_PATH=/usr/lib/gcc/x86_64-linux-gnu/11/:/usr/lib/gcc/x86_64-linux-gnu/11/:/usr/lib/gcc/x86_64-linux-gnu/:/usr/lib/gcc/x86_64-linux-gnu/11/:/usr/lib/gcc/x86_64-linux-gnu/]
  ignore line: [LIBRARY_PATH=/usr/lib/gcc/x86_64-linux-gnu/11/:/usr/lib/gcc/x86_64-linux-gnu/11/../../../x86_64-linux-gnu/:/usr/lib/gcc/x86_64-linux-gnu/11/../../../../lib/:/lib/x86_64-linux-gnu/:/lib/../lib/:/usr/lib/x86_64-linux-gnu/:/usr/lib/../lib/:/usr/lib/gcc/x86_64-linux-gnu/11/../../../:/lib/:/usr/lib/]
  ignore line: [COLLECT_GCC_OPTIONS='-v' '-o' 'CMakeFiles/cmTC_8932f.dir/CMakeCCompilerABI.c.o' '-c' '-mtune=generic' '-march=x86-64' '-dumpdir' 'CMakeFiles/cmTC_8932f.dir/CMakeCCompilerABI.c.']
  ignore line: [Linking C executable cmTC_8932f]
  ignore line: [/usr/bin/cmake -E cmake_link_script CMakeFiles/cmTC_8932f.dir/link.txt --verbose=1]
  ignore line: [/usr/bin/cc  -v CMakeFiles/cmTC_8932f.dir/CMakeCCompilerABI.c.o -o cmTC_8932f ]
  ignore line: [Using built-in specs.]
  ignore line: [COLLECT_GCC=/usr/bin/cc]
  ignore line: [COLLECT_LTO_WRAPPER=/usr/lib/gcc/x86_64-linux-gnu/11/lto-wrapper]
  ignore line: [OFFLOAD_TARGET_NAMES=nvptx-none:amdgcn-amdhsa]
  ignore line: [OFFLOAD_TARGET_DEFAULT=1]
  ignore line: [Target: x86_64-linux-gnu]
  ignore line: [Configured with: ../src/configure -v --with-pkgversion='Ubuntu 11.4.0-1ubuntu1~22.04.2' --with-bugurl=file:///usr/share/doc/gcc-11/README.Bugs --enable-languages=c ada c++ go brig d fortran objc obj-c++ m2 --prefix=/usr --with-gcc-major-version-only --program-suffix=-11 --program-prefix=x86_64-linux-gnu- --enable-shared --enable-linker-build-id --libexecdir=/usr/lib --without-included-gettext --enable-threads=posix --libdir=/usr/lib --enable-nls --enable-bootstrap --enable-clocale=gnu --enable-libstdcxx-debug --enable-libstdcxx-time=yes --with-default-libstdcxx-abi=new --enable-gnu-unique-object --disable-vtable-verify --enable-plugin --enable-default-pie --with-system-zlib --enable-libphobos-checking=release --with-target-system-zlib=auto --enable-objc-gc=auto --enable-multiarch --disable-werror --enable-cet --with-arch-32=i686 --with-abi=m64 --with-multilib-list=m32 m64 mx32 --enable-multilib --with-tune=generic --enable-offload-targets=nvptx-none=/build/gcc-11-2Y5pKs/gcc-11-11.4.0/debian/tmp-nvptx/usr amdgcn-amdhsa=/build/gcc-11-2Y5pKs/gcc-11-11.4.0/debian/tmp-gcn/usr --without-cuda-driver --enable-checking=release --build=x86_64-linux-gnu --host=x86_64-linux-gnu --target=x86_64-linux-gnu --with-build-config=bootstrap-lto-lean --enable-link-serialization=2]
  ignore line: [Thread model: posix]
  ignore line: [Supported LTO compression algorithms: zlib zstd]
  ignore line: [gcc version 11.4.0 (Ubuntu 11.4.0-1ubuntu1~22.04.2) ]
  ignore line: [COMPILER_PATH=/usr/lib/gcc/x86_64-linux-gnu/11/:/usr/lib/gcc/x86_64-linux-gnu/11/:/usr/lib/gcc/x86_64-linux-gnu/:/usr/lib/gcc/x86_64-linux-gnu/11/:/usr/lib/gcc/x86_64-linux-gnu/]
  ignore line: [LIBRARY_PATH=/usr/lib/gcc/x86_64-linux-gnu/11/:/usr/lib/gcc/x86_64-linux-gnu/11/../../../x86_64-linux-gnu/:/usr/lib/gcc/x86_64-linux-gnu/11/../../../../lib/:/lib/x86_64-linux-gnu/:/lib/../lib/:/usr/lib/x86_64-linux-gnu/:/usr/lib/../lib/:/usr/lib/gcc/x86_64-linux-gnu/11/../../../:/lib/:/usr/lib/]
  ignore line: [COLLECT_GCC_OPTIONS='-v' '-o' 'cmTC_8932f' '-mtune=generic' '-march=x86-64' '-dumpdir' 'cmTC_8932f.']
  link line: [ /usr/lib/gcc/x86_64-linux-gnu/11/collect2 -plugin /usr/lib/gcc/x86_64-linux-gnu/11/liblto_plugin.so -plugin-opt=/usr/lib/gcc/x86_64-linux-gnu/11/lto-wrapper -plugin-opt=-fresolution=/tmp/ccNtlhSU.res -plugin-opt=-pass-through=-lgcc -plugin-opt=-pass-through=-lgcc_s -plugin-opt=-pass-through=-lc -plugin-opt=-pass-through=-lgcc -plugin-opt=-pass-through=-lgcc_s --build-id --eh-frame-hdr -m elf_x86_64 --hash-style=gnu --as-needed -dynamic-linker /lib64/ld-linux-x86-64.so.2 -pie -z now -z relro -o cmTC_8932f /usr/lib/gcc/x86_64-linux-gnu/11/../../../x86_64-linux-gnu/Scrt1.o /usr/lib/gcc/x86_64-linux-gnu/11/../../../x86_64-linux-gnu/crti.o /usr/lib/gcc/x86_64-linux-gnu/11/crtbeginS.o -L/usr/lib/gcc/x86_64-linux-gnu/11 -L/usr/lib/gcc/x86_64-linux-gnu/11/../../../x86_64-linux-gnu -L/usr/lib/gcc/x86_64-linux-gnu/11/../../../../lib -L/lib/x86_64-linux-gnu -L/lib/../lib -L/usr/lib/x86_64-linux-gnu -L/usr/lib/../lib -L/usr/lib/gcc/x86_64-linux-gnu/11/../../.. CMakeFiles/cmTC_8932f.dir/CMakeCCompilerABI.c.o -lgcc --push-state --as-needed -lgcc_s --pop-state -lc -lgcc --push-state --as-needed -lgcc_s --pop-state /usr/lib/gcc/x86_64-linux-gnu/11/crtendS.o /usr/lib/gcc/x86_64-linux-gnu/11/../../../x86_64-linux-gnu/crtn.o]
    arg [/usr/lib/gcc/x86_64-linux-gnu/11/collect2] ==> ignore
    arg [-plugin] ==> ignore
    arg [/usr/lib/gcc/x86_64-linux-gnu/11/liblto_plugin.so] ==> ignore
    arg [-plugin-opt=/usr/lib/gcc/x86_64-linux-gnu/11/lto-wrapper] ==> ignore
    arg [-plugin-opt=-fresolution=/tmp/ccNtlhSU.res] ==> ignore
    arg [-plugin-opt=-pass-through=-lgcc] ==> ignore
    arg [-plugin-opt=-pass-through=-lgcc_s] ==> ignore
    arg [-plugin-opt=-pass-through=-lc] ==> ignore
    arg [-plugin-opt=-pass-through=-lgcc] ==> ignore
    arg [-plugin-opt=-pass-through=-lgcc_s] ==> ignore
    arg [--build-id] ==> ignore
    arg [--eh-frame-hdr] ==> ignore
    arg [-m] ==> ignore
    arg [elf_x86_64] ==> ignore
    arg [--hash-style=gnu] ==> ignore
    arg [--as-needed] ==> ignore
    arg [-dynamic-linker] ==> ignore
    arg [/lib64/ld-linux-x86-64.so.2] ==> ignore
    arg [-pie] ==> ignore
    arg [-znow] ==> ignore
    arg [-zrelro] ==> ignore
    arg [-o] ==> ignore
    arg [cmTC_8932f] ==> ignore
    arg [/usr/lib/gcc/x86_64-linux-gnu/11/../../../x86_64-linux-gnu/Scrt1.o] ==> obj [/usr/lib/gcc/x86_64-linux-gnu/11/../../../x86_64-linux-gnu/Scrt1.o]
    arg [/usr/lib/gcc/x86_64-linux-gnu/11/../../../x86_64-linux-gnu/crti.o] ==> obj [/usr/lib/gcc/x86_64-linux-gnu/11/../../../x86_64-linux-gnu/crti.o]
    arg [/usr/lib/gcc/x86_64-linux-gnu/11/crtbeginS.o] ==> obj [/usr/lib/gcc/x86_64-linux-gnu/11/crtbeginS.o]
    arg [-L/usr/lib/gcc/x86_64-linux-gnu/11] ==> dir [/usr/lib/gcc/x86_64-linux-gnu/11]
    arg [-L/usr/lib/gcc/x86_64-linux-gnu/11/../../../x86_64-linux-gnu] ==> dir [/usr/lib/gcc/x86_64-linux-gnu/11/../../../x86_64-linux-gnu]
    arg [-L/usr/lib/gcc/x86_64-linux-gnu/11/../../../../lib] ==> dir [/usr/lib/gcc/x86_64-linux-gnu/11/../../../../lib]
    arg [-L/lib/x86_64-linux-gnu] ==> dir [/lib/x86_64-linux-gnu]
    arg [-L/lib/../lib] ==> dir [/lib/../lib]
    arg [-L/usr/lib/x86_64-linux-gnu] ==> dir [/usr/lib/x86_64-linux-gnu]
    arg [-L/usr/lib/../lib] ==> dir [/usr/lib/../lib]
    arg [-L/usr/lib/gcc/x86_64-linux-gnu/11/../../..] ==> dir [/usr/lib/gcc/x86_64-linux-gnu/11/../../..]
    arg [CMakeFiles/cmTC_8932f.dir/CMakeCCompilerABI.c.o] ==> ignore
    arg [-lgcc] ==> lib [gcc]
    arg [--push-state] ==> ignore
    arg [--as-needed] ==> ignore
    arg [-lgcc_s] ==> lib [gcc_s]
    arg [--pop-state] ==> ignore
    arg [-lc] ==> lib [c]
    arg [-lgcc] ==> lib [gcc]
    arg [--push-state] ==> ignore
    arg [--as-needed] ==> ignore
    arg [-lgcc_s] ==> lib [gcc_s]
    arg [--pop-state] ==> ignore
    arg [/usr/lib/gcc/x86_64-linux-gnu/11/crtendS.o] ==> obj [/usr/lib/gcc/x86_64-linux-gnu/11/crtendS.o]
    arg [/usr/lib/gcc/x86_64-linux-gnu/11/../../../x86_64-linux-gnu/crtn.o] ==> obj [/usr/lib/gcc/x86_64-linux-gnu/11/../../../x86_64-linux-gnu/crtn.o]
  collapse obj [/usr/lib/gcc/x86_64-linux-gnu/11/../../../x86_64-linux-gnu/Scrt1.o] ==> [/usr/lib/x86_64-linux-gnu/Scrt1.o]
  collapse obj [/usr/lib/gcc/x86_64-linux-gnu/11/../../../x86_64-linux-gnu/crti.o] ==> [/usr/lib/x86_64-linux-gnu/crti.o]
  collapse obj [/usr/lib/gcc/x86_64-linux-gnu/11/../../../x86_64-linux-gnu/crtn.o] ==> [/usr/lib/x86_64-linux-gnu/crtn.o]
  collapse library dir [/usr/lib/gcc/x86_64-linux-gnu/11] ==> [/usr/lib/gcc/x86_64-linux-gnu/11]
  collapse library dir [/usr/lib/gcc/x86_64-linux-gnu/11/../../../x86_64-linux-gnu] ==> [/usr/lib/x86_64-linux-gnu]
  collapse library dir [/usr/lib/gcc/x86_64-linux-gnu/11/../../../../lib] ==> [/usr/lib]
  collapse library dir [/lib/x86_64-linux-gnu] ==> [/lib/x86_64-linux-gnu]
  collapse library dir [/lib/../lib] ==> [/lib]
  collapse library dir [/usr/lib/x86_64-linux-gnu] ==> [/usr/lib/x86_64-linux-gnu]
  collapse library dir [/usr/lib/../lib] ==> [/usr/lib]
  collapse library dir [/usr/lib/gcc/x86_64-linux-gnu/11/../../..] ==> [/usr/lib]
  implicit libs: [gcc;gcc_s;c;gcc;gcc_s]
  implicit objs: [/usr/lib/x86_64-linux-gnu/Scrt1.o;/usr/lib/x86_64-linux-gnu/crti.o;/usr/lib/gcc/x86_64-linux-gnu/11/crtbeginS.o;/usr/lib/gcc/x86_64-linux-gnu/11/crtendS.o;/usr/lib/x86_64-linux-gnu/crtn.o]
  implicit dirs: [/usr/lib/gcc/x86_64-linux-gnu/11;/usr/lib/x86_64-linux-gnu;/usr/lib;/lib/x86_64-linux-gnu;/lib]
  implicit fwks: []


Detecting CXX compiler ABI info compiled with the following output:
Change Dir: /home/neovp/soft/geant4/geant4-v11.4.0/examples/basic/B11/build/CMakeFiles/CMakeTmp

Run Build Command(s):/usr/bin/gmake -f Makefile cmTC_f4883/fast && /usr/bin/gmake  -f CMakeFiles/cmTC_f4883.dir/build.make CMakeFiles/cmTC_f4883.dir/build
gmake[1]: Entering directory '/home/neovp/soft/geant4/geant4-v11.4.0/examples/basic/B11/build/CMakeFiles/CMakeTmp'
Building CXX object CMakeFiles/cmTC_f4883.dir/CMakeCXXCompilerABI.cpp.o
/usr/bin/c++   -v -o CMakeFiles/cmTC_f4883.dir/CMakeCXXCompilerABI.cpp.o -c /usr/share/cmake-3.22/Modules/CMakeCXXCompilerABI.cpp
Using built-in specs.
COLLECT_GCC=/usr/bin/c++
OFFLOAD_TARGET_NAMES=nvptx-none:amdgcn-amdhsa
OFFLOAD_TARGET_DEFAULT=1
Target: x86_64-linux-gnu
Configured with: ../src/configure -v --with-pkgversion='Ubuntu 11.4.0-1ubuntu1~22.04.2' --with-bugurl=file:///usr/share/doc/gcc-11/README.Bugs --enable-languages=c,ada,c++,go,brig,d,fortran,objc,obj-c++,m2 --prefix=/usr --with-gcc-major-version-only --program-suffix=-11 --program-prefix=x86_64-linux-gnu- --enable-shared --enable-linker-build-id --libexecdir=/usr/lib --without-included-gettext --enable-threads=posix --libdir=/usr/lib --enable-nls --enable-bootstrap --enable-clocale=gnu --enable-libstdcxx-debug --enable-libstdcxx-time=yes --with-default-libstdcxx-abi=new --enable-gnu-unique-object --disable-vtable-verify --enable-plugin --enable-default-pie --with-system-zlib --enable-libphobos-checking=release --with-target-system-zlib=auto --enable-objc-gc=auto --enable-multiarch --disable-werror --enable-cet --with-arch-32=i686 --with-abi=m64 --with-multilib-list=m32,m64,mx32 --enable-multilib --with-tune=generic --enable-offload-targets=nvptx-none=/build/gcc-11-2Y5pKs/gcc-11-11.4.0/debian/tmp-nvptx/usr,amdgcn-amdhsa=/build/gcc-11-2Y5pKs/gcc-11-11.4.0/debian/tmp-gcn/usr --without-cuda-driver --enable-checking=release --build=x86_64-linux-gnu --host=x86_64-linux-gnu --target=x86_64-linux-gnu --with-build-config=bootstrap-lto-lean --enable-link-serialization=2
Thread model: posix
Supported LTO compression algorithms: zlib zstd
gcc version 11.4.0 (Ubuntu 11.4.0-1ubuntu1~22.04.2) 
COLLECT_GCC_OPTIONS='-v' '-o' 'CMakeFiles/cmTC_f4883.dir/CMakeCXXCompilerABI.cpp.o' '-c' '-shared-libgcc' '-mtune=generic' '-march=x86-64' '-dumpdir' 'CMakeFiles/cmTC_f4883.dir/'
 /usr/lib/gcc/x86_64-linux-gnu/11/cc1plus -quiet -v -imultiarch x86_64-linux-gnu -D_GNU_SOURCE /usr/share/cmake-3.22/Modules/CMakeCXXCompilerABI.cpp -quiet -dumpdir CMakeFiles/cmTC_f4883.dir/ -dumpbase CMakeCXXCompilerABI.cpp.cpp -dumpbase-ext .cpp -mtune=generic -march=x86-64 -version -fasynchronous-unwind-tables -fstack-protector-strong -Wformat -Wformat-security -fstack-clash-protection -fcf-protection -o /tmp/cc2OmG7T.s
GNU C++17 (Ubuntu 11.4.0-1ubuntu1~22.04.2) version 11.4.0 (x86_64-linux-gnu)
	compiled by GNU C version 11.4.0, GMP version 6.2.1, MPFR version 4.1.0, MPC version 1.2.1, isl version isl-0.24-GMP

GGC heuristics: --param ggc-min-expand=100 --param ggc-min-heapsize=131072
ignoring duplicate directory "/usr/include/x86_64-linux-gnu/c++/11"
ignoring nonexistent directory "/usr/local/include/x86_64-linux-gnu"
ignoring nonexistent directory "/usr/lib/gcc/x86_64-linux-gnu/11/include-fixed"
ignoring nonexistent directory "/usr/lib/gcc/x86_64-linux-gnu/11/../../../../x86_64-linux-gnu/include"
#include "..." search starts here:
#include <...> search starts here:
 /usr/include/c++/11
 /usr/include/x86_64-linux-gnu/c++/11
 /usr/include/c++/11/backward
 /usr/lib/gcc/x86_64-linux-gnu/11/include
 /usr/local/include
 /usr/include/x86_64-linux-gnu
 /usr/include
End of search list.
GNU C++17 (Ubuntu 11.4.0-1ubuntu1~22.04.2) version 11.4.0 (x86_64-linux-gnu)
	compiled by GNU C version 11.4.0, GMP version 6.2.1, MPFR version 4.1.0, MPC version 1.2.1, isl version isl-0.24-GMP

GGC heuristics: --param ggc-min-expand=100 --param ggc-min-heapsize=131072
Compiler executable checksum: 6c87588fc345655b93b8c25f48f88886
COLLECT_GCC_OPTIONS='-v' '-o' 'CMakeFiles/cmTC_f4883.dir/CMakeCXXCompilerABI.cpp.o' '-c' '-shared-libgcc' '-mtune=generic' '-march=x86-64' '-dumpdir' 'CMakeFiles/cmTC_f4883.dir/'
 as -v --64 -o CMakeFiles/cmTC_f4883.dir/CMakeCXXCompilerABI.cpp.o /tmp/cc2OmG7T.s
GNU assembler version 2.38 (x86_64-linux-gnu) using BFD version (GNU Binutils for Ubuntu) 2.38
COMPILER_PATH=/usr/lib/gcc/x86_64-linux-gnu/11/:/usr/lib/gcc/x86_64-linux-gnu/11/:/usr/lib/gcc/x86_64-linux-gnu/:/usr/lib/gcc/x86_64-linux-gnu/11/:/usr/lib/gcc/x86_64-linux-gnu/
LIBRARY_PATH=/usr/lib/gcc/x86_64-linux-gnu/11/:/usr/lib/gcc/x86_64-linux-gnu/11/../../../x86_64-linux-gnu/:/usr/lib/gcc/x86_64-linux-gnu/11/../../../../lib/:/lib/x86_64-linux-gnu/:/lib/../lib/:/usr/lib/x86_64-linux-gnu/:/usr/lib/../lib/:/usr/lib/gcc/x86_64-linux-gnu/11/../../../:/lib/:/usr/lib/
COLLECT_GCC_OPTIONS='-v' '-o' 'CMakeFiles/cmTC_f4883.dir/CMakeCXXCompilerABI.cpp.o' '-c' '-shared-libgcc' '-mtune=generic' '-march=x86-64' '-dumpdir' 'CMakeFiles/cmTC_f4883.dir/CMakeCXXCompilerABI.cpp.'
Linking CXX executable cmTC_f4883
/usr/bin/cmake -E cmake_link_script CMakeFiles/cmTC_f4883.dir/link.txt --verbose=1
/usr/bin/c++  -v CMakeFiles/cmTC_f4883.dir/CMakeCXXCompilerABI.cpp.o -o cmTC_f4883 
Using built-in specs.
COLLECT_GCC=/usr/bin/c++
COLLECT_LTO_WRAPPER=/usr/lib/gcc/x86_64-linux-gnu/11/lto-wrapper
OFFLOAD_TARGET_NAMES=nvptx-none:amdgcn-amdhsa
OFFLOAD_TARGET_DEFAULT=1
Target: x86_64-linux-gnu
Configured with: ../src/configure -v --with-pkgversion='Ubuntu 11.4.0-1ubuntu1~22.04.2' --with-bugurl=file:///usr/share/doc/gcc-11/README.Bugs --enable-languages=c,ada,c++,go,brig,d,fortran,objc,obj-c++,m2 --prefix=/usr --with-gcc-major-version-only --program-suffix=-11 --program-prefix=x86_64-linux-gnu- --enable-shared --enable-linker-build-id --libexecdir=/usr/lib --without-included-gettext --enable-threads=posix --libdir=/usr/lib --enable-nls --enable-bootstrap --enable-clocale=gnu --enable-libstdcxx-debug --enable-libstdcxx-time=yes --with-default-libstdcxx-abi=new --enable-gnu-unique-object --disable-vtable-verify --enable-plugin --enable-default-pie --with-system-zlib --enable-libphobos-checking=release --with-target-system-zlib=auto --enable-objc-gc=auto --enable-multiarch --disable-werror --enable-cet --with-arch-32=i686 --with-abi=m64 --with-multilib-list=m32,m64,mx32 --enable-multilib --with-tune=generic --enable-offload-targets=nvptx-none=/build/gcc-11-2Y5pKs/gcc-11-11.4.0/debian/tmp-nvptx/usr,amdgcn-amdhsa=/build/gcc-11-2Y5pKs/gcc-11-11.4.0/debian/tmp-gcn/usr --without-cuda-driver --enable-checking=release --build=x86_64-linux-gnu --host=x86_64-linux-gnu --target=x86_64-linux-gnu --with-build-config=bootstrap-lto-lean --enable-link-serialization=2
Thread model: posix
Supported LTO compression algorithms: zlib zstd
gcc version 11.4.0 (Ubuntu 11.4.0-1ubuntu1~22.04.2) 
COMPILER_PATH=/usr/lib/gcc/x86_64-linux-gnu/11/:/usr/lib/gcc/x86_64-linux-gnu/11/:/usr/lib/gcc/x86_64-linux-gnu/:/usr/lib/gcc/x86_64-linux-gnu/11/:/usr/lib/gcc/x86_64-linux-gnu/
LIBRARY_PATH=/usr/lib/gcc/x86_64-linux-gnu/11/:/usr/lib/gcc/x86_64-linux-gnu/11/../../../x86_64-linux-gnu/:/usr/lib/gcc/x86_64-linux-gnu/11/../../../../lib/:/lib/x86_64-linux-gnu/:/lib/../lib/:/usr/lib/x86_64-linux-gnu/:/usr/lib/../lib/:/usr/lib/gcc/x86_64-linux-gnu/11/../../../:/lib/:/usr/lib/
COLLECT_GCC_OPTIONS='-v' '-o' 'cmTC_f4883' '-shared-libgcc' '-mtune=generic' '-march=x86-64' '-dumpdir' 'cmTC_f4883.'
 /usr/lib/gcc/x86_64-linux-gnu/11/collect2 -plugin /usr/lib/gcc/x86_64-linux-gnu/11/liblto_plugin.so -plugin-opt=/usr/lib/gcc/x86_64-linux-gnu/11/lto-wrapper -plugin-opt=-fresolution=/tmp/cci4XfGK.res -plugin-opt=-pass-through=-lgcc_s -plugin-opt=-pass-through=-lgcc -plugin-opt=-pass-through=-lc -plugin-opt=-pass-through=-lgcc_s -plugin-opt=-pass-through=-lgcc --build-id --eh-frame-hdr -m elf_x86_64 --hash-style=gnu --as-needed -dynamic-linker /lib64/ld-linux-x86-64.so.2 -pie -z now -z relro -o cmTC_f4883 /usr/lib/gcc/x86_64-linux-gnu/11/../../../x86_64-linux-gnu/Scrt1.o /usr/lib/gcc/x86_64-linux-gnu/11/../../../x86_64-linux-gnu/crti.o /usr/lib/gcc/x86_64-linux-gnu/11/crtbeginS.o -L/usr/lib/gcc/x86_64-linux-gnu/11 -L/usr/lib/gcc/x86_64-linux-gnu/11/../../../x86_64-linux-gnu -L/usr/lib/gcc/x86_64-linux-gnu/11/../../../../lib -L/lib/x86_64-linux-gnu -L/lib/../lib -L/usr/lib/x86_64-linux-gnu -L/usr/lib/../lib -L/usr/lib/gcc/x86_64-linux-gnu/11/../../.. CMakeFiles/cmTC_f4883.dir/CMakeCXXCompilerABI.cpp.o -lstdc++ -lm -lgcc_s -lgcc -lc -lgcc_s -lgcc /usr/lib/gcc/x86_64-linux-gnu/11/crtendS.o /usr/lib/gcc/x86_64-linux-gnu/11/../../../x86_64-linux-gnu/crtn.o
COLLECT_GCC_OPTIONS='-v' '-o' 'cmTC_f4883' '-shared-libgcc' '-mtune=generic' '-march=x86-64' '-dumpdir' 'cmTC_f4883.'
gmake[1]: Leaving directory '/home/neovp/soft/geant4/geant4-v11.4.0/examples/basic/B11/build/CMakeFiles/CMakeTmp'



Parsed CXX implicit include dir info from above output: rv=done
  found start of include info
  found start of implicit include info
    add: [/usr/include/c++/11]
    add: [/usr/include/x86_64-linux-gnu/c++/11]
    add: [/usr/include/c++/11/backward]
    add: [/usr/lib/gcc/x86_64-linux-gnu/11/include]
    add: [/usr/local/include]
    add: [/usr/include/x86_64-linux-gnu]
    add: [/usr/include]
  end of search list found
  collapse include dir [/usr/include/c++/11] ==> [/usr/include/c++/11]
  collapse include dir [/usr/include/x86_64-linux-gnu/c++/11] ==> [/usr/include/x86_64-linux-gnu/c++/11]
  collapse include dir [/usr/include/c++/11/backward] ==> [/usr/include/c++/11/backward]
  collapse include dir [/usr/lib/gcc/x86_64-linux-gnu/11/include] ==> [/usr/lib/gcc/x86_64-linux-gnu/11/include]
  collapse include dir [/usr/local/include] ==> [/usr/local/include]
  collapse include dir [/usr/include/x86_64-linux-gnu] ==> [/usr/include/x86_64-linux-gnu]
  collapse include dir [/usr/include] ==> [/usr/include]
  implicit include dirs: [/usr/include/c++/11;/usr/include/x86_64-linux-gnu/c++/11;/usr/include/c++/11/backward;/usr/lib/gcc/x86_64-linux-gnu/11/include;/usr/local/include;/usr/include/x86_64-linux-gnu;/usr/include]


Parsed CXX implicit link information from above output:
  link line regex: [^( *|.*[/\])(ld|CMAKE_LINK_STARTFILE-NOTFOUND|([^/\]+-)?ld|collect2)[^/\]*( |$)]
  ignore line: [Change Dir: /home/neovp/soft/geant4/geant4-v11.4.0/examples/basic/B11/build/CMakeFiles/CMakeTmp]
  ignore line: []
  ignore line: [Run Build Command(s):/usr/bin/gmake -f Makefile cmTC_f4883/fast && /usr/bin/gmake  -f CMakeFiles/cmTC_f4883.dir/build.make CMakeFiles/cmTC_f4883.dir/build]
  ignore line: [gmake[1]: Entering directory '/home/neovp/soft/geant4/geant4-v11.4.0/examples/basic/B11/build/CMakeFiles/CMakeTmp']
  ignore line: [Building CXX object CMakeFiles/cmTC_f4883.dir/CMakeCXXCompilerABI.cpp.o]
  ignore line: [/usr/bin/c++   -v -o CMakeFiles/cmTC_f4883.dir/CMakeCXXCompilerABI.cpp.o -c /usr/share/cmake-3.22/Modules/CMakeCXXCompilerABI.cpp]
  ignore line: [Using built-in specs.]
  ignore line: [COLLECT_GCC=/usr/bin/c++]
  ignore line: [OFFLOAD_TARGET_NAMES=nvptx-none:amdgcn-amdhsa]
  ignore line: [OFFLOAD_TARGET_DEFAULT=1]
  ignore line: [Target: x86_64-linux-gnu]
  ignore line: [Configured with: ../src/configure -v --with-pkgversion='Ubuntu 11.4.0-1ubuntu1~22.04.2' --with-bugurl=file:///usr/share/doc/gcc-11/README.Bugs --enable-languages=c ada c++ go brig d fortran objc obj-c++ m2 --prefix=/usr --with-gcc-major-version-only --program-suffix=-11 --program-prefix=x86_64-linux-gnu- --enable-shared --enable-linker-build-id --libexecdir=/usr/lib --without-included-gettext --enable-threads=posix --libdir=/usr/lib --enable-nls --enable-bootstrap --enable-clocale=gnu --enable-libstdcxx-debug --enable-libstdcxx-time=yes --with-default-libstdcxx-abi=new --enable-gnu-unique-object --disable-vtable-verify --enable-plugin --enable-default-pie --with-system-zlib --enable-libphobos-checking=release --with-target-system-zlib=auto --enable-objc-gc=auto --enable-multiarch --disable-werror --enable-cet --with-arch-32=i686 --with-abi=m64 --with-multilib-list=m32 m64 mx32 --enable-multilib --with-tune=generic --enable-offload-targets=nvptx-none=/build/gcc-11-2Y5pKs/gcc-11-11.4.0/debian/tmp-nvptx/usr amdgcn-amdhsa=/build/gcc-11-2Y5pKs/gcc-11-11.4.0/debian/tmp-gcn/usr --without-cuda-driver --enable-checking=release --build=x86_64-linux-gnu --host=x86_64-linux-gnu --target=x86_64-linux-gnu --with-build-config=bootstrap-lto-lean --enable-link-serialization=2]
  ignore line: [Thread model: posix]
  ignore line: [Supported LTO compression algorithms: zlib zstd]
  ignore line: [gcc version 11.4.0 (Ubuntu 11.4.0-1ubuntu1~22.04.2) ]
  ignore line: [COLLECT_GCC_OPTIONS='-v' '-o' 'CMakeFiles/cmTC_f4883.dir/CMakeCXXCompilerABI.cpp.o' '-c' '-shared-libgcc' '-mtune=generic' '-march=x86-64' '-dumpdir' 'CMakeFiles/cmTC_f4883.dir/']
  ignore line: [ /usr/lib/gcc/x86_64-linux-gnu/11/cc1plus -quiet -v -imultiarch x86_64-linux-gnu -D_GNU_SOURCE /usr/share/cmake-3.22/Modules/CMakeCXXCompilerABI.cpp -quiet -dumpdir CMakeFiles/cmTC_f4883.dir/ -dumpbase CMakeCXXCompilerABI.cpp.cpp -dumpbase-ext .cpp -mtune=generic -march=x86-64 -version -fasynchronous-unwind-tables -fstack-protector-strong -Wformat -Wformat-security -fstack-clash-protection -fcf-protection -o /tmp/cc2OmG7T.s]
  ignore line: [GNU C++17 (Ubuntu 11.4.0-1ubuntu1~22.04.2) version 11.4.0 (x86_64-linux-gnu)]
  ignore line: [	compiled by GNU C version 11.4.0  GMP version 6.2.1  MPFR version 4.1.0  MPC version 1.2.1  isl version isl-0.24-GMP]
  ignore line: []
  ignore line: [GGC heuristics: --param ggc-min-expand=100 --param ggc-min-heapsize=131072]
  ignore line: [ignoring duplicate directory "/usr/include/x86_64-linux-gnu/c++/11"]
  ignore line: [ignoring nonexistent directory "/usr/local/include/x86_64-linux-gnu"]
  ignore line: [ignoring nonexistent directory "/usr/lib/gcc/x86_64-linux-gnu/11/include-fixed"]
  ignore line: [ignoring nonexistent directory "/usr/lib/gcc/x86_64-linux-gnu/11/../../../../x86_64-linux-gnu/include"]
  ignore line: [#include "..." search starts here:]
  ignore line: [#include <...> search starts here:]
  ignore line: [ /usr/include/c++/11]
  ignore line: [ /usr/include/x86_64-linux-gnu/c++/11]
  ignore line: [ /usr/include/c++/11/backward]
  ignore line: [ /usr/lib/gcc/x86_64-linux-gnu/11/include]
  ignore line: [ /usr/local/include]
  ignore line: [ /usr/include/x86_64-linux-gnu]
  ignore line: [ /usr/include]
  ignore line: [End of search list.]
  ignore line: [GNU C++17 (Ubuntu 11.4.0-1ubuntu1~22.04.2) version 11.4.0 (x86_64-linux-gnu)]
  ignore line: [	compiled by GNU C version 11.4.0  GMP version 6.2.1  MPFR version 4.1.0  MPC version 1.2.1  isl version isl-0.24-GMP]
  ignore line: []
  ignore line: [GGC heuristics: --param ggc-min-expand=100 --param ggc-min-heapsize=131072]
  ignore line: [Compiler executable checksum: 6c87588fc345655b93b8c25f48f88886]
  ignore line: [COLLECT_GCC_OPTIONS='-v' '-o' 'CMakeFiles/cmTC_f4883.dir/CMakeCXXCompilerABI.cpp.o' '-c' '-shared-libgcc' '-mtune=generic' '-march=x86-64' '-dumpdir' 'CMakeFiles/cmTC_f4883.dir/']
  ignore line: [ as -v --64 -o CMakeFiles/cmTC_f4883.dir/CMakeCXXCompilerABI.cpp.o /tmp/cc2OmG7T.s]
  ignore line: [GNU assembler version 2.38 (x86_64-linux-gnu) using BFD version (GNU Binutils for Ubuntu) 2.38]
  ignore line: [COMPILER_PATH=/usr/lib/gcc/x86_64-linux-gnu/11/:/usr/lib/gcc/x86_64-linux-gnu/11/:/usr/lib/gcc/x86_64-linux-gnu/:/usr/lib/gcc/x86_64-linux-gnu/11/:/usr/lib/gcc/x86_64-linux-gnu/]
  ignore line: [LIBRARY_PATH=/usr/lib/gcc/x86_64-linux-gnu/11/:/usr/lib/gcc/x86_64-linux-gnu/11/../../../x86_64-linux-gnu/:/usr/lib/gcc/x86_64-linux-gnu/11/../../../../lib/:/lib/x86_64-linux-gnu/:/lib/../lib/:/usr/lib/x86_64-linux-gnu/:/usr/lib/../lib/:/usr/lib/gcc/x86_64-linux-gnu/11/../../../:/lib/:/usr/lib/]
  ignore line: [COLLECT_GCC_OPTIONS='-v' '-o' 'CMakeFiles/cmTC_f4883.dir/CMakeCXXCompilerABI.cpp.o' '-c' '-shared-libgcc' '-mtune=generic' '-march=x86-64' '-dumpdir' 'CMakeFiles/cmTC_f4883.dir/CMakeCXXCompilerABI.cpp.']
  ignore line: [Linking CXX executable cmTC_f4883]
  ignore line: [/usr/bin/cmake -E cmake_link_script CMakeFiles/cmTC_f4883.dir/link.txt --verbose=1]
  ignore line: [/usr/bin/c++  -v CMakeFiles/cmTC_f4883.dir/CMakeCXXCompilerABI.cpp.o -o cmTC_f4883 ]
  ignore line: [Using built-in specs.]
  ignore line: [COLLECT_GCC=/usr/bin/c++]
  ignore line: [COLLECT_LTO_WRAPPER=/usr/lib/gcc/x86_64-linux-gnu/11/lto-wrapper]
  ignore line: [OFFLOAD_TARGET_NAMES=nvptx-none:amdgcn-amdhsa]
  ignore line: [OFFLOAD_TARGET_DEFAULT=1]
  ignore line: [Target: x86_64-linux-gnu]
  ignore line: [Configured with: ../src/configure -v --with-pkgversion='Ubuntu 11.4.0-1ubuntu1~22.04.2' --with-bugurl=file:///usr/share/doc/gcc-11/README.Bugs --enable-languages=c ada c++ go brig d fortran objc obj-c++ m2 --prefix=/usr --with-gcc-major-version-only --program-suffix=-11 --program-prefix=x86_64-linux-gnu- --enable-shared --enable-linker-build-id --libexecdir=/usr/lib --without-included-gettext --enable-threads=posix --libdir=/usr/lib --enable-nls --enable-bootstrap --enable-clocale=gnu --enable-libstdcxx-debug --enable-libstdcxx-time=yes --with-default-libstdcxx-abi=new --enable-gnu-unique-object --disable-vtable-verify --enable-plugin --enable-default-pie --with-system-zlib --enable-libphobos-checking=release --with-target-system-zlib=auto --enable-objc-gc=auto --enable-multiarch --disable-werror --enable-cet --with-arch-32=i686 --with-abi=m64 --with-multilib-list=m32 m64 mx32 --enable-multilib --with-tune=generic --enable-offload-targets=nvptx-none=/build/gcc-11-2Y5pKs/gcc-11-11.4.0/debian/tmp-nvptx/usr amdgcn-amdhsa=/build/gcc-11-2Y5pKs/gcc-11-11.4.0/debian/tmp-gcn/usr --without-cuda-driver --enable-checking=release --build=x86_64-linux-gnu --host=x86_64-linux-gnu --target=x86_64-linux-gnu --with-build-config=bootstrap-lto-lean --enable-link-serialization=2]
  ignore line: [Thread model: posix]
  ignore line: [Supported LTO compression algorithms: zlib zstd]
  ignore line: [gcc version 11.4.0 (Ubuntu 11.4.0-1ubuntu1~22.04.2) ]
  ignore line: [COMPILER_PATH=/usr/lib/gcc/x86_64-linux-gnu/11/:/usr/lib/gcc/x86_64-linux-gnu/11/:/usr/lib/gcc/x86_64-linux-gnu/:/usr/lib/gcc/x86_64-linux-gnu/11/:/usr/lib/gcc/x86_64-linux-gnu/]
  ignore line: [LIBRARY_PATH=/usr/lib/gcc/x86_64-linux-gnu/11/:/usr/lib/gcc/x86_64-linux-gnu/11/../../../x86_64-linux-gnu/:/usr/lib/gcc/x86_64-linux-gnu/11/../../../../lib/:/lib/x86_64-linux-gnu/:/lib/../lib/:/usr/lib/x86_64-linux-gnu/:/usr/lib/../lib/:/usr/lib/gcc/x86_64-linux-gnu/11/../../../:/lib/:/usr/lib/]
  ignore line: [COLLECT_GCC_OPTIONS='-v' '-o' 'cmTC_f4883' '-shared-libgcc' '-mtune=generic' '-march=x86-64' '-dumpdir' 'cmTC_f4883.']
  link line: [ /usr/lib/gcc/x86_64-linux-gnu/11/collect2 -plugin /usr/lib/gcc/x86_64-linux-gnu/11/liblto_plugin.so -plugin-opt=/usr/lib/gcc/x86_64-linux-gnu/11/lto-wrapper -plugin-opt=-fresolution=/tmp/cci4XfGK.res -plugin-opt=-pass-through=-lgcc_s -plugin-opt=-pass-through=-lgcc -plugin-opt=-pass-through=-lc -plugin-opt=-pass-through=-lgcc_s -plugin-opt=-pass-through=-lgcc --build-id --eh-frame-hdr -m elf_x86_64 --hash-style=gnu --as-needed -dynamic-linker /lib64/ld-linux-x86-64.so.2 -pie -z now -z relro -o cmTC_f4883 /usr/lib/gcc/x86_64-linux-gnu/11/../../../x86_64-linux-gnu/Scrt1.o /usr/lib/gcc/x86_64-linux-gnu/11/../../../x86_64-linux-gnu/crti.o /usr/lib/gcc/x86_64-linux-gnu/11/crtbeginS.o -L/usr/lib/gcc/x86_64-linux-gnu/11 -L/usr/lib/gcc/x86_64-linux-gnu/11/../../../x86_64-linux-gnu -L/usr/lib/gcc/x86_64-linux-gnu/11/../../../../lib -L/lib/x86_64-linux-gnu -L/lib/../lib -L/usr/lib/x86_64-linux-gnu -L/usr/lib/../lib -L/usr/lib/gcc/x86_64-linux-gnu/11/../../.. CMakeFiles/cmTC_f4883.dir/CMakeCXXCompilerABI.cpp.o -lstdc++ -lm -lgcc_s -lgcc -lc -lgcc_s -lgcc /usr/lib/gcc/x86_64-linux-gnu/11/crtendS.o /usr/lib/gcc/x86_64-linux-gnu/11/../../../x86_64-linux-gnu/crtn.o]
    arg [/usr/lib/gcc/x86_64-linux-gnu/11/collect2] ==> ignore
    arg [-plugin] ==> ignore
    arg [/usr/lib/gcc/x86_64-linux-gnu/11/liblto_plugin.so] ==> ignore
    arg [-plugin-opt=/usr/lib/gcc/x86_64-linux-gnu/11/lto-wrapper] ==> ignore
    arg [-plugin-opt=-fresolution=/tmp/cci4XfGK.res] ==> ignore
    arg [-plugin-opt=-pass-through=-lgcc_s] ==> ignore
    arg [-plugin-opt=-pass-through=-lgcc] ==> ignore
    arg [-plugin-opt=-pass-through=-lc] ==> ignore
    arg [-plugin-opt=-pass-through=-lgcc_s] ==> ignore
    arg [-plugin-opt=-pass-through=-lgcc] ==> ignore
    arg [--build-id] ==> ignore
    arg [--eh-frame-hdr] ==> ignore
    arg [-m] ==> ignore
    arg [elf_x86_64] ==> ignore
    arg [--hash-style=gnu] ==> ignore
    arg [--as-needed] ==> ignore
    arg [-dynamic-linker] ==> ignore
    arg [/lib64/ld-linux-x86-64.so.2] ==> ignore
    arg [-pie] ==> ignore
    arg [-znow] ==> ignore
    arg [-zrelro] ==> ignore
    arg [-o] ==> ignore
    arg [cmTC_f4883] ==> ignore
    arg [/usr/lib/gcc/x86_64-linux-gnu/11/../../../x86_64-linux-gnu/Scrt1.o] ==> obj [/usr/lib/gcc/x86_64-linux-gnu/11/../../../x86_64-linux-gnu/Scrt1.o]
    arg [/usr/lib/gcc/x86_64-linux-gnu/11/../../../x86_64-linux-gnu/crti.o] ==> obj [/usr/lib/gcc/x86_64-linux-gnu/11/../../../x86_64-linux-gnu/crti.o]
    arg [/usr/lib/gcc/x86_64-linux-gnu/11/crtbeginS.o] ==> obj [/usr/lib/gcc/x86_64-linux-gnu/11/crtbeginS.o]
    arg [-L/usr/lib/gcc/x86_64-linux-gnu/11] ==> dir [/usr/lib/gcc/x86_64-linux-gnu/11]
    arg [-L/usr/lib/gcc/x86_64-linux-gnu/11/../../../x86_64-linux-gnu] ==> dir [/usr/lib/gcc/x86_64-linux-gnu/11/../../../x86_64-linux-gnu]
    arg [-L/usr/lib/gcc/x86_64-linux-gnu/11/../../../../lib] ==> dir [/usr/lib/gcc/x86_64-linux-gnu/11/../../../../lib]
    arg [-L/lib/x86_64-linux-gnu] ==> dir [/lib/x86_64-linux-gnu]
    arg [-L/lib/../lib] ==> dir [/lib/../lib]
    arg [-L/usr/lib/x86_64-linux-gnu] ==> dir [/usr/lib/x86_64-linux-gnu]
    arg [-L/usr/lib/../lib] ==> dir [/usr/lib/../lib]
    arg [-L/usr/lib/gcc/x86_64-linux-gnu/11/../../..] ==> dir [/usr/lib/gcc/x86_64-linux-gnu/11/../../..]
    arg [CMakeFiles/cmTC_f4883.dir/CMakeCXXCompilerABI.cpp.o] ==> ignore
    arg [-lstdc++] ==> lib [stdc++]
    arg [-lm] ==> lib [m]
    arg [-lgcc_s] ==> lib [gcc_s]
    arg [-lgcc] ==> lib [gcc]
    arg [-lc] ==> lib [c]
    arg [-lgcc_s] ==> lib [gcc_s]
    arg [-lgcc] ==> lib [gcc]
    arg [/usr/lib/gcc/x86_64-linux-gnu/11/crtendS.o] ==> obj [/usr/lib/gcc/x86_64-linux-gnu/11/crtendS.o]
    arg [/usr/lib/gcc/x86_64-linux-gnu/11/../../../x86_64-linux-gnu/crtn.o] ==> obj [/usr/lib/gcc/x86_64-linux-gnu/11/../../../x86_64-linux-gnu/crtn.o]
  collapse obj [/usr/lib/gcc/x86_64-linux-gnu/11/../../../x86_64-linux-gnu/Scrt1.o] ==> [/usr/lib/x86_64-linux-gnu/Scrt1.o]
  collapse obj [/usr/lib/gcc/x86_64-linux-gnu/11/../../../x86_64-linux-gnu/crti.o] ==> [/usr/lib/x86_64-linux-gnu/crti.o]
  collapse obj [/usr/lib/gcc/x86_64-linux-gnu/11/../../../x86_64-linux-gnu/crtn.o] ==> [/usr/lib/x86_64-linux-gnu/crtn.o]
  collapse library dir [/usr/lib/gcc/x86_64-linux-gnu/11] ==> [/usr/lib/gcc/x86_64-linux-gnu/11]
  collapse library dir [/usr/lib/gcc/x86_64-linux-gnu/11/../../../x86_64-linux-gnu] ==> [/usr/lib/x86_64-linux-gnu]
  collapse library dir [/usr/lib/gcc/x86_64-linux-gnu/11/../../../../lib] ==> [/usr/lib]
  collapse library dir [/lib/x86_64-linux-gnu] ==> [/lib/x86_64-linux-gnu]
  collapse library dir [/lib/../lib] ==> [/lib]
  collapse library dir [/usr/lib/x86_64-linux-gnu] ==> [/usr/lib/x86_64-linux-gnu]
  collapse library dir [/usr/lib/../lib] ==> [/usr/lib]
  collapse library dir [/usr/lib/gcc/x86_64-linux-gnu/11/../../..] ==> [/usr/lib]
  implicit libs: [stdc++;m;gcc_s;gcc;c;gcc_s;gcc]
  implicit objs: [/usr/lib/x86_64-linux-gnu/Scrt1.o;/usr/lib/x86_64-linux-gnu/crti.o;/usr/lib/gcc/x86_64-linux-gnu/11/crtbeginS.o;/usr/lib/gcc/x86_64-linux-gnu/11/crtendS.o;/usr/lib/x86_64-linux-gnu/crtn.o]
  implicit dirs: [/usr/lib/gcc/x86_64-linux-gnu/11;/usr/lib/x86_64-linux-gnu;/usr/lib;/lib/x86_64-linux-gnu;/lib]
  implicit fwks: []


Determining if the include file pthread.h exists passed with the following output:
Change Dir: /home/neovp/soft/geant4/geant4-v11.4.0/examples/basic/B11/build/CMakeFiles/CMakeTmp

Run Build Command(s):/usr/bin/gmake -f Makefile cmTC_de2ed/fast && /usr/bin/gmake  -f CMakeFiles/cmTC_de2ed.dir/build.make CMakeFiles/cmTC_de2ed.dir/build
gmake[1]: Entering directory '/home/neovp/soft/geant4/geant4-v11.4.0/examples/basic/B11/build/CMakeFiles/CMakeTmp'
Building C object CMakeFiles/cmTC_de2ed.dir/CheckIncludeFile.c.o
/usr/bin/cc    -o CMakeFiles/cmTC_de2ed.dir/CheckIncludeFile.c.o -c /home/neovp/soft/geant4/geant4-v11.4.0/examples/basic/B11/build/CMakeFiles/CMakeTmp/CheckIncludeFile.c
Linking C executable cmTC_de2ed
/usr/bin/cmake -E cmake_link_script CMakeFiles/cmTC_de2ed.dir/link.txt --verbose=1
/usr/bin/cc CMakeFiles/cmTC_de2ed.dir/CheckIncludeFile.c.o -o cmTC_de2ed 
gmake[1]: Leaving directory '/home/neovp/soft/geant4/geant4-v11.4.0/examples/basic/B11/build/CMakeFiles/CMakeTmp'



Performing C SOURCE FILE Test CMAKE_HAVE_LIBC_PTHREAD succeeded with the following output:
Change Dir: /home/neovp/soft/geant4/geant4-v11.4.0/examples/basic/B11/build/CMakeFiles/CMakeTmp

Run Build Command(s):/usr/bin/gmake -f Makefile cmTC_1ba95/fast && /usr/bin/gmake  -f CMakeFiles/cmTC_1ba95.dir/build.make CMakeFiles/cmTC_1ba95.dir/build
gmake[1]: Entering directory '/home/neovp/soft/geant4/geant4-v11.4.0/examples/basic/B11/build/CMakeFiles/CMakeTmp'
Building C object CMakeFiles/cmTC_1ba95.dir/src.c.o
/usr/bin/cc -DCMAKE_HAVE_LIBC_PTHREAD   -o CMakeFiles/cmTC_1ba95.dir/src.c.o -c /home/neovp/soft/geant4/geant4-v11.4.0/examples/basic/B11/build/CMakeFiles/CMakeTmp/src.c
Linking C executable cmTC_1ba95
/usr/bin/cmake -E cmake_link_script CMakeFiles/cmTC_1ba95.dir/link.txt --verbose=1
/usr/bin/cc CMakeFiles/cmTC_1ba95.dir/src.c.o -o cmTC_1ba95 
gmake[1]: Leaving directory '/home/neovp/soft/geant4/geant4-v11.4.0/examples/basic/B11/build/CMakeFiles/CMakeTmp'


Source file was:
#include <pthread.h>

static void* test_func(void* data)
{
  return data;
}

int main(void)
{
  pthread_t thread;
  pthread_create(&thread, NULL, test_func, NULL);
  pthread_detach(thread);
  pthread_cancel(thread);
  pthread_join(thread, NULL);
  pthread_atfork(NULL, NULL, NULL);
  pthread_exit(NULL);

  return 0;
}

Performing C++ SOURCE FILE Test HAVE_STDATOMIC succeeded with the following output:
Change Dir: /home/neovp/soft/geant4/geant4-v11.4.0/examples/basic/B11/build/CMakeFiles/CMakeTmp

Run Build Command(s):/usr/bin/gmake -f Makefile cmTC_7212e/fast && /usr/bin/gmake  -f CMakeFiles/cmTC_7212e.dir/build.make CMakeFiles/cmTC_7212e.dir/build
gmake[1]: Entering directory '/home/neovp/soft/geant4/geant4-v11.4.0/examples/basic/B11/build/CMakeFiles/CMakeTmp'
Building CXX object CMakeFiles/cmTC_7212e.dir/src.cxx.o
/usr/bin/c++ -DHAVE_STDATOMIC   -o CMakeFiles/cmTC_7212e.dir/src.cxx.o -c /home/neovp/soft/geant4/geant4-v11.4.0/examples/basic/B11/build/CMakeFiles/CMakeTmp/src.cxx
Linking CXX executable cmTC_7212e
/usr/bin/cmake -E cmake_link_script CMakeFiles/cmTC_7212e.dir/link.txt --verbose=1
/usr/bin/c++ CMakeFiles/cmTC_7212e.dir/src.cxx.o -o cmTC_7212e 
gmake[1]: Leaving directory '/home/neovp/soft/geant4/geant4-v11.4.0/examples/basic/B11/build/CMakeFiles/CMakeTmp'


Source file was:
#include <atomic>
#include <cstdint>

void test(volatile std::atomic<std::int64_t> &a)
{
    std::int64_t v = a.load(std::memory_order_acquire);
    while (!a.compare_exchange_strong(v, v + 1,
                                      std::memory_order_acq_rel,
                                      std::memory_order_acquire)) {
        v = a.exchange(v - 1);
    }
    a.store(v + 1, std::memory_order_release);
}

int main(int, char **)
{
    void *ptr = (void*)0xffffffc0; // any random pointer
    test(*reinterpret_cast<std::atomic<std::int64_t> *>(ptr));
    return 0;
}
Determining if the function XOpenDisplay exists in the /usr/lib/x86_64-linux-gnu/libX11.so;/usr/lib/x86_64-linux-gnu/libXext.so passed with the following output:
Change Dir: /home/neovp/soft/geant4/geant4-v11.4.0/examples/basic/B11/build/CMakeFiles/CMakeTmp

Run Build Command(s):/usr/bin/gmake -f Makefile cmTC_61d0a/fast && /usr/bin/gmake  -f CMakeFiles/cmTC_61d0a.dir/build.make CMakeFiles/cmTC_61d0a.dir/build
gmake[1]: Entering directory '/home/neovp/soft/geant4/geant4-v11.4.0/examples/basic/B11/build/CMakeFiles/CMakeTmp'
Building C object CMakeFiles/cmTC_61d0a.dir/CheckFunctionExists.c.o
/usr/bin/cc   -DCHECK_FUNCTION_EXISTS=XOpenDisplay -o CMakeFiles/cmTC_61d0a.dir/CheckFunctionExists.c.o -c /usr/share/cmake-3.22/Modules/CheckFunctionExists.c
Linking C executable cmTC_61d0a
/usr/bin/cmake -E cmake_link_script CMakeFiles/cmTC_61d0a.dir/link.txt --verbose=1
/usr/bin/cc  -DCHECK_FUNCTION_EXISTS=XOpenDisplay CMakeFiles/cmTC_61d0a.dir/CheckFunctionExists.c.o -o cmTC_61d0a  /usr/lib/x86_64-linux-gnu/libX11.so /usr/lib/x86_64-linux-gnu/libXext.so 
gmake[1]: Leaving directory '/home/neovp/soft/geant4/geant4-v11.4.0/examples/basic/B11/build/CMakeFiles/CMakeTmp'



Determining if the function gethostbyname exists passed with the following output:
Change Dir: /home/neovp/soft/geant4/geant4-v11.4.0/examples/basic/B11/build/CMakeFiles/CMakeTmp

Run Build Command(s):/usr/bin/gmake -f Makefile cmTC_c17f4/fast && /usr/bin/gmake  -f CMakeFiles/cmTC_c17f4.dir/build.make CMakeFiles/cmTC_c17f4.dir/build
gmake[1]: Entering directory '/home/neovp/soft/geant4/geant4-v11.4.0/examples/basic/B11/build/CMakeFiles/CMakeTmp'
Building C object CMakeFiles/cmTC_c17f4.dir/CheckFunctionExists.c.o
/usr/bin/cc   -DCHECK_FUNCTION_EXISTS=gethostbyname -o CMakeFiles/cmTC_c17f4.dir/CheckFunctionExists.c.o -c /usr/share/cmake-3.22/Modules/CheckFunctionExists.c
Linking C executable cmTC_c17f4
/usr/bin/cmake -E cmake_link_script CMakeFiles/cmTC_c17f4.dir/link.txt --verbose=1
/usr/bin/cc  -DCHECK_FUNCTION_EXISTS=gethostbyname CMakeFiles/cmTC_c17f4.dir/CheckFunctionExists.c.o -o cmTC_c17f4 
gmake[1]: Leaving directory '/home/neovp/soft/geant4/geant4-v11.4.0/examples/basic/B11/build/CMakeFiles/CMakeTmp'



Determining if the function connect exists passed with the following output:
Change Dir: /home/neovp/soft/geant4/geant4-v11.4.0/examples/basic/B11/build/CMakeFiles/CMakeTmp

Run Build Command(s):/usr/bin/gmake -f Makefile cmTC_b0205/fast && /usr/bin/gmake  -f CMakeFiles/cmTC_b0205.dir/build.make CMakeFiles/cmTC_b0205.dir/build
gmake[1]: Entering directory '/home/neovp/soft/geant4/geant4-v11.4.0/examples/basic/B11/build/CMakeFiles/CMakeTmp'
Building C object CMakeFiles/cmTC_b0205.dir/CheckFunctionExists.c.o
/usr/bin/cc   -DCHECK_FUNCTION_EXISTS=connect -o CMakeFiles/cmTC_b0205.dir/CheckFunctionExists.c.o -c /usr/share/cmake-3.22/Modules/CheckFunctionExists.c
Linking C executable cmTC_b0205
/usr/bin/cmake -E cmake_link_script CMakeFiles/cmTC_b0205.dir/link.txt --verbose=1
/usr/bin/cc  -DCHECK_FUNCTION_EXISTS=connect CMakeFiles/cmTC_b0205.dir/CheckFunctionExists.c.o -o cmTC_b0205 
gmake[1]: Leaving directory '/home/neovp/soft/geant4/geant4-v11.4.0/examples/basic/B11/build/CMakeFiles/CMakeTmp'



Determining if the function remove exists passed with the following output:
Change Dir: /home/neovp/soft/geant4/geant4-v11.4.0/examples/basic/B11/build/CMakeFiles/CMakeTmp

Run Build Command(s):/usr/bin/gmake -f Makefile cmTC_c3dde/fast && /usr/bin/gmake  -f CMakeFiles/cmTC_c3dde.dir/build.make CMakeFiles/cmTC_c3dde.dir/build
gmake[1]: Entering directory '/home/neovp/soft/geant4/geant4-v11.4.0/examples/basic/B11/build/CMakeFiles/CMakeTmp'
Building C object CMakeFiles/cmTC_c3dde.dir/CheckFunctionExists.c.o
/usr/bin/cc   -DCHECK_FUNCTION_EXISTS=remove -o CMakeFiles/cmTC_c3dde.dir/CheckFunctionExists.c.o -c /usr/share/cmake-3.22/Modules/CheckFunctionExists.c
Linking C executable cmTC_c3dde
/usr/bin/cmake -E cmake_link_script CMakeFiles/cmTC_c3dde.dir/link.txt --verbose=1
/usr/bin/cc  -DCHECK_FUNCTION_EXISTS=remove CMakeFiles/cmTC_c3dde.dir/CheckFunctionExists.c.o -o cmTC_c3dde 
gmake[1]: Leaving directory '/home/neovp/soft/geant4/geant4-v11.4.0/examples/basic/B11/build/CMakeFiles/CMakeTmp'



Determining if the function shmat exists passed with the following output:
Change Dir: /home/neovp/soft/geant4/geant4-v11.4.0/examples/basic/B11/build/CMakeFiles/CMakeTmp

Run Build Command(s):/usr/bin/gmake -f Makefile cmTC_e02e5/fast && /usr/bin/gmake  -f CMakeFiles/cmTC_e02e5.dir/build.make CMakeFiles/cmTC_e02e5.dir/build
gmake[1]: Entering directory '/home/neovp/soft/geant4/geant4-v11.4.0/examples/basic/B11/build/CMakeFiles/CMakeTmp'
Building C object CMakeFiles/cmTC_e02e5.dir/CheckFunctionExists.c.o
/usr/bin/cc   -DCHECK_FUNCTION_EXISTS=shmat -o CMakeFiles/cmTC_e02e5.dir/CheckFunctionExists.c.o -c /usr/share/cmake-3.22/Modules/CheckFunctionExists.c
Linking C executable cmTC_e02e5
/usr/bin/cmake -E cmake_link_script CMakeFiles/cmTC_e02e5.dir/link.txt --verbose=1
/usr/bin/cc  -DCHECK_FUNCTION_EXISTS=shmat CMakeFiles/cmTC_e02e5.dir/CheckFunctionExists.c.o -o cmTC_e02e5 
gmake[1]: Leaving directory '/home/neovp/soft/geant4/geant4-v11.4.0/examples/basic/B11/build/CMakeFiles/CMakeTmp'



Determining if the function IceConnectionNumber exists in the ICE passed with the following output:
Change Dir: /home/neovp/soft/geant4/geant4-v11.4.0/examples/basic/B11/build/CMakeFiles/CMakeTmp

Run Build Command(s):/usr/bin/gmake -f Makefile cmTC_d1250/fast && /usr/bin/gmake  -f CMakeFiles/cmTC_d1250.dir/build.make CMakeFiles/cmTC_d1250.dir/build
gmake[1]: Entering directory '/home/neovp/soft/geant4/geant4-v11.4.0/examples/basic/B11/build/CMakeFiles/CMakeTmp'
Building C object CMakeFiles/cmTC_d1250.dir/CheckFunctionExists.c.o
/usr/bin/cc   -DCHECK_FUNCTION_EXISTS=IceConnectionNumber -o CMakeFiles/cmTC_d1250.dir/CheckFunctionExists.c.o -c /usr/share/cmake-3.22/Modules/CheckFunctionExists.c
Linking C executable cmTC_d1250
/usr/bin/cmake -E cmake_link_script CMakeFiles/cmTC_d1250.dir/link.txt --verbose=1
/usr/bin/cc  -DCHECK_FUNCTION_EXISTS=IceConnectionNumber CMakeFiles/cmTC_d1250.dir/CheckFunctionExists.c.o -o cmTC_d1250  -lICE 
gmake[1]: Leaving directory '/home/neovp/soft/geant4/geant4-v11.4.0/examples/basic/B11/build/CMakeFiles/CMakeTmp'



